지형지물부호,관리번호,행정읍/면/동,도엽번호,관리기관,도로구간번호,설치일자,정류장종류,정류장명,정류장유형,대장초기화여부,위치,입력일자,입력자,최종수정일자,최종수정자,경도,위도
정류장,201810004,장암동,3770502823,의정부시,201810004,2018-01-01,일반버스, ,표지설치,대장입력완료, , , , , ,127.056029 ,37.705707 
정류장,201810003,장암동,3770502911,의정부시,201810007,2018-01-01,일반버스,도봉차량기지앞,표지설치,대장입력완료, , , , , ,127.051375 ,37.702760 
정류장,201810002,장암동,3770502911,의정부시,201810007,2018-01-01,일반버스,도봉차량기지앞,지붕설치,대장입력완료, , , , , ,127.051737 ,37.702629 
정류장,201810001,장암동,3770502911,의정부시,201810007,2018-01-01,일반버스,도봉차량기지앞,지붕설치,대장입력완료, , , , , ,127.051512 ,37.702913 
정류장,191130054,송산2동,3770123913,의정부시,191130063,1900-01-01,,의정부민락BRT정류소,표지설치,대장입력완료, ,2019-12-16,지오스토리컨소시엄,2019-12-16,컨소시엄,127.101970 ,37.750548 
정류장,191130053,송산2동,3770123913,의정부시,191130063,1900-01-01,,의정부민락BRT정류소,표지설치,대장입력완료, ,2019-12-16,지오스토리컨소시엄,2019-12-16,컨소시엄,127.101820 ,37.750669 
정류장,191130052,송산2동,3770503011,의정부시,191130123,1900-01-01,,부용마을아파트정문,표지/승강장설치,대장입력완료, ,2019-12-16,지오스토리컨소시엄,2019-12-16,컨소시엄,127.100201 ,37.748142 
정류장,191130051,송산2동,3770503022,의정부시,191130154,1900-01-01,,푸른마당근린공원,표지설치,대장입력완료, ,2019-12-16,지오스토리컨소시엄,2019-12-16,컨소시엄,127.108466 ,37.748106 
정류장,191130050,송산2동,3770502101,의정부시,191130053,1900-01-01,마을버스,부용마을3단지,표지설치,대장입력완료, ,2019-12-16,지오스토리컨소시엄,2019-12-16,컨소시엄,127.097270 ,37.748773 
정류장,191130049,송산2동,3770502102,의정부시,191130058,1900-01-01,마을버스,금강펜테리움,표지설치,대장입력완료, ,2019-12-16,지오스토리컨소시엄,2019-12-16,컨소시엄,127.099224 ,37.749598 
정류장,191130048,송산2동,3770123914,의정부시,191130070,1900-01-01,,송양중학교,표지설치,대장입력완료, ,2019-12-16,지오스토리컨소시엄,2019-12-16,컨소시엄,127.103774 ,37.752179 
정류장,191130047,송산2동,3770123914,의정부시,191130070,1900-01-01,,송양중학교,승강장설치,대장입력완료, ,2019-12-16,지오스토리컨소시엄,2019-12-16,컨소시엄,127.104061 ,37.752083 
정류장,191130046,송산2동,3770123914,의정부시,191130071,1900-01-01,,송양중학교,승강장설치,대장입력완료, ,2019-12-16,지오스토리컨소시엄,2019-12-16,컨소시엄,127.103988 ,37.752408 
정류장,191130045,송산2동,3770502102,의정부시,191130058,1900-01-01,,부용마을3단지,승강장설치,대장입력완료, ,2019-12-16,지오스토리컨소시엄,2019-12-16,컨소시엄,127.098869 ,37.749234 
정류장,191130044,송산2동,3770502101,의정부시,191130053,1900-01-01,,금강펜테리움,승강장설치,대장입력완료, ,2019-12-16,지오스토리컨소시엄,2019-12-16,컨소시엄,127.097284 ,37.749036 
정류장,191130043,송산2동,3770503011,의정부시,191130123,1900-01-01,,부용마을아파트정문,승강장설치,대장입력완료, ,2019-12-16,지오스토리컨소시엄,2019-12-16,컨소시엄,127.100131 ,37.748792 
정류장,191130042,송산2동,3770123913,의정부시,191130021,1900-01-01,좌석버스,의정부민락,승강장설치,대장입력완료, ,2019-12-16,지오스토리컨소시엄,2019-12-16,컨소시엄,127.100678 ,37.751744 
정류장,191130041,송산2동,3770123913,의정부시,191130021,1900-01-01,좌석버스,의정부민락,승강장설치,대장입력완료, ,2019-12-16,지오스토리컨소시엄,2019-12-16,컨소시엄,127.100369 ,37.751489 
정류장,191130040,송산2동,3770502104,의정부시,191130131,1900-01-01,,송산초등학교,승강장설치,대장입력완료, ,2019-12-16,지오스토리컨소시엄,2019-12-16,컨소시엄,127.099200 ,37.745414 
정류장,191130039,송산2동,3770502104,의정부시,191130131,1900-01-01,,송산초등학교,승강장설치,대장입력완료, ,2019-12-16,지오스토리컨소시엄,2019-12-16,컨소시엄,127.099530 ,37.745504 
정류장,191130038,송산2동,3770503023,의정부시,191130164,1900-01-01,,"송산사지,송민학교입구",승강장설치,대장입력완료, ,2019-12-16,지오스토리컨소시엄,2019-12-16,컨소시엄,127.106294 ,37.746248 
정류장,191130037,송산2동,3770503024,의정부시,191130158,1900-01-01,,"송산사지,송민학교입구",승강장설치,대장입력완료, ,2019-12-16,지오스토리컨소시엄,2019-12-16,컨소시엄,127.107795 ,37.747090 
정류장,191130036,송산2동,3770503022,의정부시,191130151,1900-01-01,,LH민락사업단입구,승강장설치,대장입력완료, ,2019-12-16,지오스토리컨소시엄,2019-12-16,컨소시엄,127.109952 ,37.749479 
정류장,191130035,송산2동,3770502101,의정부시,191130053,1900-01-01,마을버스, ,표지설치,대장입력완료, ,2019-12-16,지오스토리컨소시엄,2019-12-16,컨소시엄,127.097159 ,37.748744 
정류장,191130034,송산2동,3770502102,의정부시,191130058,1900-01-01,마을버스, ,표지설치,대장입력완료, ,2019-12-16,지오스토리컨소시엄,2019-12-16,컨소시엄,127.099026 ,37.749538 
정류장,191130033,송산2동,3770503022,의정부시,191130243,1900-01-01,, ,표지설치,대장입력완료, ,2019-12-16,지오스토리컨소시엄,2019-12-16,컨소시엄,127.108360 ,37.748989 
정류장,191130032,송산2동,3770503022,의정부시,191130234,1900-01-01,,의정부민락,표지/승강장설치,대장입력완료, ,2019-12-16,지오스토리컨소시엄,2019-12-16,컨소시엄,127.109892 ,37.748557 
정류장,191130031,송산2동,3770123943,의정부시,191130194,1900-01-01,일반버스,민락엘레트19단지,승강장설치,대장입력완료, ,2019-12-16,지오스토리컨소시엄,2019-12-16,컨소시엄,127.115165 ,37.750721 
정류장,191130030,송산2동,3770123932,의정부시,191130143,1900-01-01,일반버스,용암마을입구,승강장설치,대장입력완료, ,2019-12-16,지오스토리컨소시엄,2019-12-16,컨소시엄,127.113654 ,37.754013 
정류장,191130029,송산2동,3770123934,의정부시,191130144,1900-01-01,일반버스,송양초,승강장설치,대장입력완료, ,2019-12-16,지오스토리컨소시엄,2019-12-16,컨소시엄,127.113154 ,37.752433 
정류장,191130028,송산2동,3770123824,의정부시,191130089,1900-01-01,마을버스,대광로제비앙,표지설치,대장입력완료, ,2019-12-16,지오스토리컨소시엄,2019-12-16,컨소시엄,127.109166 ,37.755058 
정류장,191130027,송산2동,3770123934,의정부시,191130198,1900-01-01,,민락센트럴17단지,표지설치,대장입력완료, ,2019-12-16,지오스토리컨소시엄,2019-12-16,컨소시엄,127.113766 ,37.751527 
정류장,191130026,송산2동,3770123922,의정부시,191130084,1900-01-01,마을버스,대방노블랜드,표지설치,대장입력완료, ,2019-12-16,지오스토리컨소시엄,2019-12-16,컨소시엄,127.107507 ,37.754060 
정류장,191130025,송산2동,3770123933,의정부시,191130187,1900-01-01,일반버스,양지마을8단지,승강장설치,대장입력완료, ,2019-12-16,지오스토리컨소시엄,2019-12-16,컨소시엄,127.110515 ,37.752335 
정류장,191130024,송산2동,3770123843,의정부시,191130105,1900-01-01,일반버스,용암마을16단지,승강장설치,대장입력완료, ,2019-12-16,지오스토리컨소시엄,2019-12-16,컨소시엄,127.115563 ,37.755498 
정류장,191130023,송산2동,3770123922,의정부시,191130088,1900-01-01,일반버스,송양고,승강장설치,대장입력완료, ,2019-12-16,지오스토리컨소시엄,2019-12-16,컨소시엄,127.108165 ,37.754634 
정류장,191130022,송산2동,3770123922,의정부시,191130089,1900-01-01,일반버스, ,승강장설치,대장입력완료, ,2019-12-16,지오스토리컨소시엄,2019-12-16,컨소시엄,127.108906 ,37.754684 
정류장,191130021,송산2동,3770123833,의정부시,191130096,1900-01-01,,양지마을8단지정문,표지설치,대장입력완료, ,2019-12-16,지오스토리컨소시엄,2019-12-16,컨소시엄,127.112261 ,37.755143 
정류장,191130020,송산2동,3770123932,의정부시,191130143,1900-01-01,일반버스,송양초등학교,승강장설치,대장입력완료, ,2019-12-16,지오스토리컨소시엄,2019-12-16,컨소시엄,127.113122 ,37.753142 
정류장,191130019,송산2동,3770123922,의정부시,191130178,1900-01-01,일반버스,송양고등학교,승강장설치,대장입력완료, ,2019-12-16,지오스토리컨소시엄,2019-12-16,컨소시엄,127.107712 ,37.753191 
정류장,191130018,송산2동,3770123833,의정부시,191130096,1900-01-01,마을버스,양지마을아파트,표지설치,대장입력완료, ,2019-12-16,지오스토리컨소시엄,2019-12-16,컨소시엄,127.112383 ,37.755380 
정류장,191130017,송산2동,3770123932,의정부시,191130142,1900-01-01,일반버스,양지마을후문입구,승강장설치,대장입력완료, ,2019-12-16,지오스토리컨소시엄,2019-12-16,컨소시엄,127.113146 ,37.754773 
정류장,191130016,송산2동,3770123922,의정부시,191130178,1900-01-01,일반버스,송양고등학교,승강장설치,대장입력완료, ,2019-12-16,지오스토리컨소시엄,2019-12-16,컨소시엄,127.107599 ,37.752947 
정류장,191130015,송산2동,3770123933,의정부시,191130187,1900-01-01,일반버스,양지마을8단지,승강장설치,대장입력완료, ,2019-12-16,지오스토리컨소시엄,2019-12-16,컨소시엄,127.110088 ,37.752077 
정류장,191130014,송산2동,3770123941,의정부시,191130110,1900-01-01,일반버스,민락센트럴아파트,승강장설치,대장입력완료, ,2019-12-16,지오스토리컨소시엄,2019-12-16,컨소시엄,127.116377 ,37.754811 
정류장,191130013,송산2동,3770123943,의정부시,191130192,1900-01-01,일반버스,호반베르디움18단지앞,승강장설치,대장입력완료, ,2019-12-16,지오스토리컨소시엄,2019-12-16,컨소시엄,127.116990 ,37.750489 
정류장,191130012,송산2동,3770123941,의정부시,191130111,1900-01-01,,브라운빌리지,표지설치,대장입력완료, ,2019-12-16,지오스토리컨소시엄,2019-12-16,컨소시엄,127.116687 ,37.754935 
정류장,191130011,송산2동,3770123944,의정부시,191130118,1900-01-01,일반버스,무지랭이약수터,승강장설치,대장입력완료, ,2019-12-16,지오스토리컨소시엄,2019-12-16,컨소시엄,127.117599 ,37.751317 
정류장,191130010,송산2동,3770123944,의정부시,191130118,1900-01-01,일반버스,무지랭이약수터,승강장설치,대장입력완료, ,2019-12-16,지오스토리컨소시엄,2019-12-16,컨소시엄,127.117922 ,37.750922 
정류장,191130009,송산2동,3770502191,의정부시,191130039,1900-01-01,일반버스,하이마트앞,표지설치,대장입력완료, ,2019-12-16,지오스토리컨소시엄,2019-12-16,컨소시엄,127.092303 ,37.744432 
정류장,191130008,송산2동,3770503111,의정부시,191130174,1900-01-01,일반버스,이마트,승강장설치,대장입력완료, ,2019-12-16,지오스토리컨소시엄,2019-12-16,컨소시엄,127.101767 ,37.743150 
정류장,191130007,송산2동,3770503111,의정부시,191130170,1900-01-01,일반버스,호반베르디움,승강장설치,대장입력완료, ,2019-12-16,지오스토리컨소시엄,2019-12-16,컨소시엄,127.102365 ,37.744303 
정류장,191130006,송산2동,3770502094,의정부시,191130045,1900-01-01,일반버스,낙양물사랑공원앞,표지설치,대장입력완료, ,2019-12-16,지오스토리컨소시엄,2019-12-16,컨소시엄,127.093857 ,37.746918 
정류장,191130005,송산2동,3770502094,의정부시,191130041,1900-01-01,일반버스,낙양물사랑공원앞,표지설치,대장입력완료, ,2019-12-16,지오스토리컨소시엄,2019-12-16,컨소시엄,127.093577 ,37.746130 
정류장,191130004,송산2동,3770123933,의정부시,191130147,1900-01-01,,민락2지구대우푸르지오아파트,표지설치,대장입력완료, ,2019-12-16,지오스토리컨소시엄,2019-12-16,컨소시엄,127.112117 ,37.751602 
정류장,191130003,송산2동,3770123933,의정부시,191130150,1900-01-01,일반버스,활기체육공원,승강장설치,대장입력완료, ,2019-12-16,지오스토리컨소시엄,2019-12-16,컨소시엄,127.111084 ,37.750072 
정류장,191130002,송산2동,3770123834,의정부시,191130096,1900-01-01,마을버스,양지마을아파트,표지설치,대장입력완료, ,2019-12-16,지오스토리컨소시엄,2019-12-16,컨소시엄,127.112549 ,37.755393 
정류장,191130001,송산2동,3770123922,의정부시,191130085,1900-01-01,마을버스,대방노블랜드,표지설치,대장입력완료, ,2019-12-16,지오스토리컨소시엄,2019-12-16,컨소시엄,127.107637 ,37.754119 
정류장,191120009,송산1동,3770502362,의정부시,191120265,1900-01-01,일반버스, ,표지설치,대장입력완료, ,2019-12-16,지오스토리컨소시엄,2019-12-16,컨소시엄,127.079756 ,37.733278 
정류장,191120008,송산1동,3770502472,의정부시,191120119,1900-01-01,,만가대사거리,승강장설치,대장입력완료, ,2019-12-16,지오스토리컨소시엄,2019-12-16,컨소시엄,127.084518 ,37.729938 
정류장,191120007,송산1동,3770502472,의정부시,191120120,1900-01-01,,만가대사거리,표지설치,대장입력완료, ,2019-12-16,지오스토리컨소시엄,2019-12-16,컨소시엄,127.084630 ,37.729509 
정류장,191120006,송산1동,3770502494,의정부시,191120134,1900-01-01,일반버스,의정부교도소,승강장설치,대장입력완료, ,2019-12-16,지오스토리컨소시엄,2019-12-16,컨소시엄,127.094274 ,37.726210 
정류장,191120005,송산1동,3770502494,의정부시,191120134,1900-01-01,일반버스,의정부교도소,승강장설치,대장입력완료, ,2019-12-16,지오스토리컨소시엄,2019-12-16,컨소시엄,127.094499 ,37.726489 
정류장,191120004,송산1동,3770503712,의정부시,191120247,1900-01-01,일반버스,검은돌,승강장설치,대장입력완료, ,2019-12-16,지오스토리컨소시엄,2019-12-16,컨소시엄,127.104416 ,37.714654 
정류장,191120003,송산1동,3770503614,의정부시,191120182,1900-01-01,일반버스,검은돌,승강장설치,대장입력완료, ,2019-12-16,지오스토리컨소시엄,2019-12-16,컨소시엄,127.103645 ,37.715884 
정류장,191120002,송산1동,3770503513,의정부시,191120141,1900-01-01,일반버스,"고산동, 빼벌",승강장설치,대장입력완료, ,2019-12-16,지오스토리컨소시엄,2019-12-16,컨소시엄,127.101933 ,37.720164 
정류장,191120001,송산1동,3770503611,의정부시,191120141,1900-01-01,일반버스,"고산동, 빼벌",승강장설치,대장입력완료, ,2019-12-16,지오스토리컨소시엄,2019-12-16,컨소시엄,127.101659 ,37.719912 
정류장,191110005,자금동,3770502023,의정부시,191110314,1900-01-01,일반버스,의정부시외버스터미널,지붕설치,대장입력완료, ,2019-12-16,지오스토리컨소시엄,2019-12-16,컨소시엄,127.056634 ,37.746725 
정류장,191110004,자금동,3770502021,의정부시,191110338,1900-01-01,일반버스,의정부시외버스터미널,표지설치,대장입력완료, ,2019-12-16,지오스토리컨소시엄,2019-12-16,컨소시엄,127.057137 ,37.747517 
정류장,191110003,자금동,3770122843,의정부시,191110201,1900-01-01,일반버스,이름없음,지붕설치,대장입력완료, ,2019-12-16,지오스토리컨소시엄,2019-12-16,컨소시엄,127.065525 ,37.755392 
정류장,191110002,자금동,3770122933,의정부시,191110213,1900-01-01,마을버스,KSC아파트앞,표지설치,대장입력완료, ,2019-12-16,지오스토리컨소시엄,2019-12-16,컨소시엄,127.060480 ,37.750659 
정류장,191110001,자금동,3770122933,의정부시,191110213,1900-01-01,마을버스,KSC아파트앞,표지설치,대장입력완료, ,2019-12-16,지오스토리컨소시엄,2019-12-16,컨소시엄,127.060362 ,37.750709 
정류장,190890001,녹양동,3770121854,의정부시,190890008,2019-01-01,일반버스,의정부체육관,표지설치,대장입력완료, ,, ,, ,127.024966 ,37.756723 
정류장,800025,,377012291,의정부시,800095,1900-01-01,일반버스,미군부대앞,표지설치,대장입력완료,금호사거리,, ,, ,127.051419 ,37.750227 
정류장,800024,,377012291,의정부시,800095,1900-01-01,일반버스,미군부대앞,표지설치,대장입력완료,금호사거리,, ,, ,127.051625 ,37.750435 
정류장,800023,,377012279,의정부시,800072,1900-01-01,일반버스,환경자원센터,표지설치,대장입력완료,환경자원센터,, ,, ,127.093878 ,37.764934 
정류장,800022,,377012278,의정부시,800167,1900-01-01,일반버스,금곡교앞,표지설치,대장입력완료,금곡교앞,, ,, ,127.088483 ,37.762230 
정류장,800021,,377012270,의정부시,800097,1900-01-01,일반버스,맑은물사업소,표지설치,대장입력완료,맑은물사업소,, ,, ,127.097394 ,37.767012 
정류장,800020,,377012270,의정부시,800097,1900-01-01,일반버스,본자일입구,표지설치,대장입력완료,본자일입구,, ,, ,127.097332 ,37.767329 
정류장,800019,,377012269,의정부시,800072,1900-01-01,일반버스,환경자원센터앞,표지설치,대장입력완료,환경자원센터앞,, ,, ,127.093429 ,37.765073 
정류장,800018,,377012100,의정부시,800095,1900-01-01,일반버스,양지마을,표지설치,대장입력완료,양지마을,, ,, ,127.048260 ,37.752324 
정류장,800017,,377012100,의정부시,800095,1900-01-01,일반버스,양지마을,표지설치,대장입력완료,양지마을,, ,, ,127.048160 ,37.752083 
정류장,800016,,377012190,의정부시,800095,1900-01-01,일반버스,하동촌,표지설치,대장입력완료,하동촌,, ,, ,127.046146 ,37.755976 
정류장,800015,,377012190,의정부시,800095,1900-01-01,일반버스,하동촌,표지설치,대장입력완료,하동촌,, ,, ,127.045798 ,37.756033 
정류장,800014,,377050202,의정부시,800139,1900-01-01,일반버스,금오중학교,표지설치,대장입력완료,금오중학교,, ,, ,127.056587 ,37.748778 
정류장,800013,,377050202,의정부시,800139,1900-01-01,일반버스,신도브레뉴아파,표지설치,대장입력완료,신도브레뉴아파,, ,, ,127.056048 ,37.748669 
정류장,800012,,377050201,의정부시,800139,1900-01-01,일반버스,무명,표지설치,대장입력완료,사랑의교회,, ,, ,127.054398 ,37.749283 
정류장,800011,,377050115,의정부시,800135,1900-01-01,일반버스,주택앞,표지설치,대장입력완료,주택앞,, ,, ,127.020785 ,37.741584 
정류장,800010,,377050115,의정부시,800135,1900-01-01,일반버스,맑은물사업소,표지설치,대장입력완료,맑은물사업소,, ,, ,127.020834 ,37.741663 
정류장,800009,,377050114,의정부시,800135,1900-01-01,일반버스,맑은물사업소,표지설치,대장입력완료,맑은물사업소,, ,, ,127.019893 ,37.742101 
정류장,800008,,377050114,의정부시,800135,1900-01-01,일반버스,주택앞,표지설치,대장입력완료,주택앞,, ,, ,127.019821 ,37.742185 
정류장,800007,,377012270,의정부시,800097,1900-01-01,일반버스,본자일,표지설치,대장입력완료,본자일,, ,, ,127.097260 ,37.767349 
정류장,800006,,377012269,의정부시,800072,1900-01-01,일반버스,본내실,표지설치,대장입력완료,본내실,, ,, ,127.093466 ,37.765102 
정류장,800005,호원2동,377050160,의정부시,800012,1900-01-01,택시,회룡역,지붕설치,대장입력완료,회룡역 앞 외미로,, ,, ,127.046519 ,37.724432 
정류장,800004,장암동,377050251,의정부시,800025,1900-01-01,택시,롯데마트 앞,지붕설치,대장입력완료,롯데마트 앞 도로,, ,, ,127.052391 ,37.723781 
정류장,800003,장암동,377050251,의정부시,800025,1900-01-01,마을버스,롯데마트 앞,표지설치,대장입력완료,롯데마트 앞 도로,, ,, ,127.052449 ,37.723678 
정류장,800002,장암동,377050251,의정부시,800025,1900-01-01,마을버스,롯데마트 앞,표지설치,대장입력완료,롯데마트 앞 도로,, ,, ,127.052222 ,37.723674 
정류장,800001,신곡1동,377050224,의정부시,800007,1900-01-01,일반버스,신곡고가,표지설치,대장입력완료,신곡고가,, ,, ,127.069844 ,37.738560 
정류장,190006,신곡2동,3770502042,의정부시,190007,2019-01-01,일반버스,경기도청북부청사,지붕설치,대장입력완료, ,2019-03-11,제일항업(주),2019-03-11,제일항,127.069882 ,37.748403 
정류장,190005,신곡2동,3770502042,의정부시,190048,2019-01-01,일반버스,과학도서관,지붕설치,대장입력완료, ,2019-03-11,제일항업(주),2019-03-11,제일항,127.068207 ,37.747699 
정류장,190004,신곡2동,3770502051,의정부시,190029,2019-01-01,일반버스,경기도청북부청사,지붕설치,대장입력완료, ,2019-03-11,제일항업(주),2019-03-11,제일항,127.072472 ,37.749134 
정류장,190003,신곡2동,3770502051,의정부시,190045,2019-01-01,일반버스,경기도청북부청사,지붕설치,대장입력완료, ,2019-03-11,제일항업(주),2019-03-11,제일항,127.071973 ,37.748900 
정류장,190002,신곡2동,3770502051,의정부시,190016,2019-01-01,일반버스,경기도청북부청사,지붕설치,대장입력완료, ,2019-03-11,제일항업(주),2019-03-11,제일항,127.070770 ,37.748611 
정류장,190001,신곡2동,3770502052,의정부시,190043,2019-01-01,,경기도청북부청사,표지판,대장입력완료, ,2019-03-11,제일항업(주),2019-03-11,제일항,127.072762 ,37.748554 
정류장,181202,신곡1동,3770502243,의정부시,181203,2018-01-01,, ,지붕설치,대장입력완료, , , , , ,127.067257 ,37.737264 
정류장,181201,신곡1동,3770502244,의정부시,181204,2018-01-01,, ,지붕설치,대장입력완료, , , , , ,127.067714 ,37.737078 
정류장,181002,자금동,3770122951,의정부시,181032,2018-10-09,,경기북부경찰청,"표지,지붕설치",대장입력완료, , , , , ,127.070174 ,37.754548 
정류장,181001,자금동,3770122951,의정부시,181032,2018-10-09,,경기북부경찰청,"표지,지붕설치",대장입력완료, , , , , ,127.070217 ,37.754736 
정류장,170902,의정부2동,3770501192,의정부시,170905,2017-01-01,마을버스,의정부경찰서앞,지붕설치,대장입력완료, , , , , ,127.042724 ,37.744898 
정류장,170901,의정부2동,3770501094,의정부시,170905,2017-01-01,마을버스,남일주택,표지판,대장입력완료, , , , , ,127.042703 ,37.745739 
정류장,397,자금동,3770502041,의정부시,1009, ,, ,미분류,대장초기화, , , , , ,127.064376 ,37.752238 
정류장,396,자금동,3770122961,의정부시,923002, ,, ,미분류,대장초기화, , , , , ,127.074848 ,37.755982 
정류장,395,자금동,3770122961,의정부시,923003, ,, ,미분류,대장초기화, , , , , ,127.074781 ,37.755599 
정류장,394,송산1동,3770502481,의정부시,1888, ,, ,미분류,대장초기화, , , , , ,127.084318 ,37.730693 
정류장,393,송산1동,3770502361,의정부시,1865, ,, ,미분류,대장초기화, , , , , ,127.074256 ,37.735450 
정류장,392,의정부2동,3770501491,의정부시,170711, ,마을버스,상우고,표지설치,대장입력완료, , , , , ,127.038384 ,37.731909 
정류장,391,의정부2동,3770501491,의정부시,170711, ,마을버스,상우고,표지설치,대장입력완료, , , , , ,127.038201 ,37.731850 
정류장,390,송산2동,3770502302,의정부시,1819, ,일반버스,민락현대아파트,표지설치,대장입력완료, , , , , ,127.096759 ,37.741550 
정류장,389,신곡2동,3770502133,의정부시,160, ,마을버스,신곡중,표지설치,대장입력완료, , , , , ,127.059123 ,37.743013 
정류장,388,신곡2동,3770502133,의정부시,160, ,일반버스,신곡중학교앞,표지설치,대장입력완료, , , , , ,127.059099 ,37.743060 
정류장,387,송산2동,3770502401,의정부시,23034, ,마을버스,청구아파트정문,표지설치,대장입력완료, , , , , ,127.092949 ,37.737753 
정류장,386,송산2동,3770502294,의정부시,23034, ,마을버스,청구아파트정문,표지설치,대장입력완료, , , , , ,127.092826 ,37.737783 
정류장,385,자금동,3770502031,의정부시,1081, ,마을버스,자금동사무소,표지설치,대장입력완료, , , , , ,127.058274 ,37.750636 
정류장,384,자금동,3770502022,의정부시,1087, ,마을버스,이군수,표지설치,대장입력완료, , , , , ,127.056565 ,37.751816 
정류장,383,자금동,3770502021,의정부시,20293, ,마을버스,한양빌라,표지설치,대장입력완료, , , , , ,127.054890 ,37.750567 
정류장,382,자금동,3770502014,의정부시,20108, ,마을버스,(구)한전다리,표지설치,대장입력완료, , , , , ,127.051477 ,37.748463 
정류장,381,자금동,3770502014,의정부시,20105, ,마을버스,미군부대앞,표지설치,대장입력완료, , , , , ,127.050902 ,37.750219 
정류장,380,송산1동,3770502364,의정부시,1868, ,마을버스,306보충대,표지설치,대장입력완료, , , , , ,127.077449 ,37.734919 
정류장,378,송산1동,3770502361,의정부시,1865, ,마을버스,영석고등학교,표지설치,대장입력완료, , , , , ,127.074405 ,37.735696 
정류장,377,신곡1동,3770502352,의정부시,1859, ,일반버스,신곡현대아파트앞,표지설치,대장입력완료, , , , , ,127.070528 ,37.736737 
정류장,376,신곡1동,3770502352,의정부시,1859, ,일반버스,신곡현대아파트앞,표지설치,대장입력완료, , , , , ,127.070618 ,37.737107 
정류장,375,신곡1동,3770502352,의정부시,1859, ,마을버스,신곡동현대아파트,표지설치,대장입력완료, , , , , ,127.070593 ,37.737133 
정류장,374,신곡1동,3770502332,의정부시,1145, ,일반버스,(구)의정부초교앞,표지설치,대장입력완료, , , , , ,127.062426 ,37.735710 
정류장,373,신곡1동,3770502332,의정부시,1146, ,일반버스,의정부초교앞,표지설치,대장입력완료, , , , , ,127.062305 ,37.735884 
정류장,372,신곡1동,3770502332,의정부시,1151, ,일반버스,의정부초교앞,표지설치,대장입력완료, , , , , ,127.060930 ,37.735726 
정류장,371,신곡1동,3770502333,의정부시,36, ,일반버스,신곡주택앞,표지설치,대장입력완료, , , , , ,127.058772 ,37.732873 
정류장,370,신곡1동,3770502333,의정부시,1314, ,마을버스,신곡주택앞,표지설치,대장입력완료, , , , , ,127.058406 ,37.733217 
정류장,369,신곡1동,3770502333,의정부시,37, ,일반버스,신곡지하차도앞,표지설치,대장입력완료, , , , , ,127.058034 ,37.734914 
정류장,368,신곡1동,3770502331,의정부시,37, ,일반버스,신곡지하차도앞,표지설치,대장입력완료, , , , , ,127.058319 ,37.735331 
정류장,367,신곡1동,3770502331,의정부시,37, ,마을버스,신곡지하차도앞,표지설치,대장입력완료, , , , , ,127.058199 ,37.735831 
정류장,366,신곡1동,3770502322,의정부시,0, ,일반버스,신곡교앞,표지설치,대장입력완료, , , , , ,127.056444 ,37.737171 
정류장,365,신곡1동,3770502322,의정부시,1169, ,일반버스,신곡교앞,표지설치,대장입력완료, , , , , ,127.055622 ,37.737265 
정류장,364,신곡1동,3770502322,의정부시,1167, ,마을버스,신곡교앞,표지설치,대장입력완료, , , , , ,127.055738 ,37.737431 
정류장,363,,3770502313,의정부시,170575, ,일반버스,경의초교앞,표지설치,대장입력완료, , , , , ,127.049407 ,37.734682 
정류장,362,,3770502313,의정부시,170572, ,일반버스,경의초교앞,표지설치,대장입력완료, , , , , ,127.049740 ,37.735260 
정류장,361,,3770502311,의정부시,170065, ,일반버스,의정부역,표지설치,대장입력완료, , , , , ,127.047902 ,37.737596 
정류장,360,의정부1동,3770502312,의정부시,1965, ,마을버스,시장입구,표지설치,대장입력완료, , , , , ,127.051017 ,37.737728 
정류장,359,의정부1동,3770502013,의정부시,1232, ,일반버스,구12번종점,표지설치,대장입력완료, , , , , ,127.048743 ,37.747950 
정류장,358,의정부1동,3770502013,의정부시,1232, ,일반버스,구12번종점,표지설치,대장입력완료, , , , , ,127.048462 ,37.747980 
정류장,357,의정부1동,3770502013,의정부시,170284, ,마을버스,금용아파트,표지설치,대장입력완료, , , , , ,127.048194 ,37.748311 
정류장,356,신곡2동,3770502231,의정부시,163, ,일반버스,신동아아파트,표지설치,대장입력완료, , , , , ,127.058250 ,37.741136 
정류장,355,신곡2동,3770502231,의정부시,1556, ,일반버스,신곡초등학교,표지설치,대장입력완료, , , , , ,127.059373 ,37.741617 
정류장,354,신곡2동,3770502231,의정부시,160, ,일반버스,신곡중학교앞,표지설치,대장입력완료, , , , , ,127.059204 ,37.742683 
정류장,353,신곡2동,3770502224,의정부시,40, ,일반버스,추동아파트,표지설치,대장입력완료, , , , , ,127.057281 ,37.739976 
정류장,352,신곡2동,3770502224,의정부시,40, ,기타,굿모닝마트,표지설치,대장입력완료, , , , , ,127.056846 ,37.740147 
정류장,351,,3770502213,의정부시,1962, ,마을버스,중앙극장입구,표지설치,대장입력완료, , , , , ,127.049193 ,37.738206 
정류장,350,,3770502213,의정부시,1962, ,일반버스,중앙극장입구,표지설치,대장입력완료, , , , , ,127.049246 ,37.738184 
정류장,349,의정부1동,3770502213,의정부시,1962, ,일반버스,중앙극장입구,표지설치,대장입력완료, , , , , ,127.049056 ,37.738374 
정류장,348,의정부1동,3770502214,의정부시,1263, ,일반버스,주택은행앞(시장앞),표지설치,대장입력완료, , , , , ,127.051781 ,37.738716 
정류장,347,의정부1동,3770502214,의정부시,1260, ,일반버스,주택은행앞(시장앞),표지설치,대장입력완료, , , , , ,127.051589 ,37.739250 
정류장,346,의정부1동,3770502212,의정부시,1254, ,일반버스,구터미널앞,표지설치,대장입력완료, , , , , ,127.051685 ,37.741064 
정류장,343,의정부1동,3770502212,의정부시,1248, ,일반버스,구터미널,표지설치,대장입력완료, , , , , ,127.051486 ,37.742333 
정류장,342,의정부1동,3770502211,의정부시,1197, ,일반버스,중앙로,표지설치,대장입력완료, , , , , ,127.049564 ,37.741020 
정류장,341,의정부1동,3770502211,의정부시,1200, ,일반버스,중앙로,표지설치,대장입력완료, , , , , ,127.049822 ,37.741628 
정류장,340,신곡2동,3770502142,의정부시,21488, ,마을버스,새마을,표지설치,대장입력완료, , , , , ,127.067170 ,37.746198 
정류장,339,신곡2동,3770502141,의정부시,310, ,일반버스,화정빌라앞,표지설치,대장입력완료, , , , , ,127.063985 ,37.747143 
정류장,338,신곡2동,3770502141,의정부시,310, ,일반버스,화정빌라앞,표지설치,대장입력완료, , , , , ,127.063799 ,37.747392 
정류장,337,신곡2동,3770502134,의정부시,1553, ,마을버스,신명아파트,표지설치,대장입력완료, , , , , ,127.061557 ,37.743955 
정류장,336,신곡2동,3770502134,의정부시,1553, ,마을버스,신명아파트,표지설치,대장입력완료, , , , , ,127.061748 ,37.743975 
정류장,334,신곡2동,3770502133,의정부시,162, ,마을버스,동오초교,표지설치,대장입력완료, , , , , ,127.058300 ,37.743846 
정류장,333,신곡2동,3770502133,의정부시,159, ,일반버스,벽산아파트/극동아파,표지설치,대장입력완료, , , , , ,127.059829 ,37.744761 
정류장,332,신곡2동,3770502133,의정부시,159, ,일반버스,벽산아파트/신성아파,표지설치,대장입력완료, , , , , ,127.059976 ,37.745167 
정류장,331,신곡2동,3770502124,의정부시,1422, ,일반버스,신동아아파트,표지설치,대장입력완료, , , , , ,127.057554 ,37.742868 
정류장,330,신곡2동,3770502124,의정부시,1422, ,일반버스,신곡2동우체국,표지설치,대장입력완료, , , , , ,127.057630 ,37.743081 
정류장,329,신곡2동,3770502124,의정부시,1565, ,마을버스,극동아파트,표지설치,대장입력완료, , , , , ,127.057230 ,37.744919 
정류장,328,의정부1동,3770502123,의정부시,0, ,마을버스,구터미널,표지설치,대장입력완료, , , , , ,127.053512 ,37.743482 
정류장,327,신곡2동,3770502124,의정부시,1334, ,일반버스,시외버스터미널,표지설치,대장입력완료, , , , , ,127.055796 ,37.743451 
정류장,326,신곡2동,3770502124,의정부시,21232, ,일반버스,시외버스터미널,표지설치,대장입력완료, , , , , ,127.055678 ,37.744196 
정류장,325,자금동,3770502123,의정부시,42, ,일반버스,시외버스터미널앞,표지설치,대장입력완료, , , , , ,127.054665 ,37.745089 
정류장,324,자금동,3770502123,의정부시,42, ,마을버스,시외버스터미널앞,표지설치,대장입력완료, , , , , ,127.054643 ,37.745154 
정류장,323,자금동,3770502122,의정부시,260, ,일반버스,시외버스터미널앞,표지설치,대장입력완료, , , , , ,127.055742 ,37.746084 
정류장,322,자금동,3770502122,의정부시,260, ,마을버스,시외버스터미널앞,표지설치,대장입력완료, , , , , ,127.055598 ,37.746170 
정류장,321,자금동,3770502122,의정부시,260, ,일반버스,시외버스터미널앞,표지설치,대장입력완료, , , , , ,127.056700 ,37.746809 
정류장,320,자금동,3770502122,의정부시,260, ,일반버스,금오주공아파트,표지설치,대장입력완료, , , , , ,127.057191 ,37.747424 
정류장,319,의정부1동,3770502114,의정부시,1204, ,마을버스,구터미널,표지설치,대장입력완료, , , , , ,127.050773 ,37.742907 
정류장,318,의정부1동,3770502113,의정부시,1210, ,일반버스,포천로터리,표지설치,대장입력완료, , , , , ,127.049117 ,37.743541 
정류장,317,의정부1동,3770502113,의정부시,1213, ,일반버스,(구)양주군청앞,표지설치,대장입력완료, , , , , ,127.050188 ,37.743798 
정류장,316,의정부1동,3770502114,의정부시,1242, ,일반버스,농산물검사소앞,표지설치,대장입력완료, , , , , ,127.050981 ,37.745036 
정류장,315,의정부1동,3770502114,의정부시,1242, ,마을버스,한전,표지설치,대장입력완료, , , , , ,127.050876 ,37.745250 
정류장,314,의정부1동,3770502112,의정부시,1242, ,마을버스,한전,표지설치,대장입력완료, , , , , ,127.050674 ,37.745347 
정류장,313,의정부1동,3770502112,의정부시,1239, ,일반버스,농산물검사소앞,표지설치,대장입력완료, , , , , ,127.050530 ,37.745656 
정류장,312,신곡2동,3770502074,의정부시,1739, ,기타,"주공1,9단지",표지설치,대장입력완료, , , , , ,127.080774 ,37.748429 
정류장,311,신곡2동,3770502073,의정부시,1736, ,기타,송산주공1단지앞,표지설치,대장입력완료, , , , , ,127.080261 ,37.749345 
정류장,310,신곡2동,3770502073,의정부시,1733, ,마을버스,송산주공1단지,표지설치,대장입력완료, , , , , ,127.080073 ,37.749879 
정류장,309,신곡2동,3770502073,의정부시,20735, ,마을버스,주공9단지,표지설치,대장입력완료, , , , , ,127.079580 ,37.749868 
정류장,308,신곡2동,3770502063,의정부시,1475, ,마을버스,삼성래미안,표지설치,대장입력완료, , , , , ,127.072944 ,37.749627 
정류장,307,신곡2동,3770502062,의정부시,20621, ,일반버스,효자중학교,표지설치,대장입력완료, , , , , ,127.077874 ,37.750767 
정류장,306,신곡2동,3770502062,의정부시,20621, ,일반버스,효자중학교,표지설치,대장입력완료, , , , , ,127.077423 ,37.750899 
정류장,305,신곡2동,3770502062,의정부시,1502, ,마을버스,효자중,표지설치,대장입력완료, , , , , ,127.077039 ,37.751810 
정류장,304,신곡2동,3770502062,의정부시,1502, ,마을버스,효자중,표지설치,대장입력완료, , , , , ,127.076716 ,37.751865 
정류장,303,신곡2동,3770502061,의정부시,306, ,마을버스,상록아이파크,표지설치,대장입력완료, , , , , ,127.073944 ,37.751398 
정류장,302,신곡2동,3770502061,의정부시,306, ,마을버스,상록아이파크,표지설치,대장입력완료, , , , , ,127.073824 ,37.751459 
정류장,301,자금동,3770502061,의정부시,328, ,마을버스,주공3단지,표지설치,대장입력완료, , , , , ,127.072927 ,37.751930 
정류장,298,신곡2동,3770502053,의정부시,1433, ,일반버스,경기도제2청사앞,표지설치,대장입력완료, , , , , ,127.070307 ,37.747943 
정류장,296,신곡2동,3770502054,의정부시,301, ,일반버스,경기도제2청사앞,표지설치,대장입력완료, , , , , ,127.070788 ,37.749590 
정류장,295,신곡2동,3770502054,의정부시,301, ,일반버스,경기도제2청사앞,표지설치,대장입력완료, , , , , ,127.071090 ,37.749813 
정류장,294,신곡2동,3770502054,의정부시,301, ,마을버스,경기도제2청사앞,표지설치,대장입력완료, , , , , ,127.071045 ,37.749891 
정류장,293,자금동,3770502052,의정부시,302, ,기타,삼성홈플러스,표지설치,대장입력완료, , , , , ,127.070940 ,37.751380 
정류장,292,자금동,3770502052,의정부시,302, ,기타,삼성홈플러스,표지설치,대장입력완료, , , , , ,127.071121 ,37.751574 
정류장,291,자금동,3770502052,의정부시,328, ,마을버스,주공3단지,표지설치,대장입력완료, , , , , ,127.072793 ,37.752000 
정류장,290,신곡2동,3770502044,의정부시,309, ,일반버스,드림밸리아파트앞,표지설치,대장입력완료, , , , , ,127.067190 ,37.748046 
정류장,289,신곡2동,3770502044,의정부시,1469, ,마을버스,한진드림밸리아파트앞,표지설치,대장입력완료, , , , , ,127.067449 ,37.749649 
정류장,288,신곡2동,3770502044,의정부시,1469, ,마을버스,한진드림밸리아파트앞,표지설치,대장입력완료, , , , , ,127.066025 ,37.749146 
정류장,287,자금동,3770502042,의정부시,1512, ,마을버스,현대IPARK,표지설치,대장입력완료, , , , , ,127.067280 ,37.750459 
정류장,286,자금동,3770502042,의정부시,1512, ,일반버스,현대IPARK,표지설치,대장입력완료, , , , , ,127.067404 ,37.750674 
정류장,285,자금동,3770502042,의정부시,1512, ,마을버스,현대IPARK,표지설치,대장입력완료, , , , , ,127.067337 ,37.750655 
정류장,284,자금동,3770502043,의정부시,1512, ,마을버스,천보중,표지설치,대장입력완료, , , , , ,127.065266 ,37.750147 
정류장,283,자금동,3770502043,의정부시,285, ,마을버스,금오주공1단지,표지설치,대장입력완료, , , , , ,127.064020 ,37.750264 
정류장,278,자금동,3770502032,의정부시,1006, ,마을버스,꽃동네입구,표지설치,대장입력완료, , , , , ,127.061612 ,37.750589 
정류장,274,자금동,3770122953,의정부시,1051, ,마을버스,금오초교,표지설치,대장입력완료, , , , , ,127.068381 ,37.753905 
정류장,273,자금동,3770122953,의정부시,1051, ,일반버스,금오초교,표지설치,대장입력완료, , , , , ,127.068307 ,37.753874 
정류장,272,자금동,3770122953,의정부시,1051, ,일반버스,금오초교,표지설치,대장입력완료, , , , , ,127.068009 ,37.753839 
정류장,271,자금동,3770122953,의정부시,1051, ,마을버스,금오초교,표지설치,대장입력완료, , , , , ,127.067896 ,37.753790 
정류장,270,자금동,3770122971,의정부시,1065, ,마을버스,성모병원,표지설치,대장입력완료, , , , , ,127.078316 ,37.757137 
정류장,269,자금동,3770122971,의정부시,1068, ,일반버스,성모병원,표지설치,대장입력완료, , , , , ,127.078928 ,37.757229 
정류장,268,자금동,3770122971,의정부시,1068, ,일반버스,성모병원,표지설치,대장입력완료, , , , , ,127.078951 ,37.757337 
정류장,267,자금동,3770122962,의정부시,0, ,기타,면허시험장입구,표지설치,대장입력완료, , , , , ,127.076549 ,37.756523 
정류장,266,자금동,3770122962,의정부시,1059, ,기타,면허시험장앞,표지설치,대장입력완료, , , , , ,127.076685 ,37.756658 
정류장,265,자금동,3770122961,의정부시,0, ,일반버스,세아ㆍ거성아파트앞,표지설치,대장입력완료, , , , , ,127.073715 ,37.755696 
정류장,264,자금동,3770122961,의정부시,1054, ,일반버스,금오리,표지설치,대장입력완료, , , , , ,127.073840 ,37.755825 
정류장,259,송산1동,3770503721,의정부시,0, ,일반버스,검은돌,표지설치,대장입력완료, , , , , ,127.103765 ,37.715311 
정류장,258,송산1동,3770503721,의정부시,0, ,일반버스,검은돌,표지설치,대장입력완료, , , , , ,127.103986 ,37.715425 
정류장,257,송산1동,3770503614,의정부시,1910, ,일반버스,고산동(배뻘),표지설치,대장입력완료, , , , , ,127.101738 ,37.719983 
정류장,256,송산1동,3770503614,의정부시,1910, ,일반버스,고산동(배뻘),표지설치,대장입력완료, , , , , ,127.101917 ,37.720038 
정류장,255,송산1동,3770503333,의정부시,0, ,일반버스,신숙주선생묘입구,표지설치,대장입력완료, , , , , ,127.108451 ,37.733624 
정류장,254,송산2동,3770502304,의정부시,238, ,마을버스,주공2단지,표지설치,대장입력완료, , , , , ,127.096071 ,37.738994 
정류장,253,송산2동,3770502304,의정부시,238, ,일반버스,민락주공아파트,표지설치,대장입력완료, , , , , ,127.096029 ,37.739049 
정류장,252,송산2동,3770502304,의정부시,238, ,일반버스,민락주공앞,표지설치,대장입력완료, , , , , ,127.096103 ,37.739203 
정류장,251,송산2동,3770502304,의정부시,240, ,일반버스,민락중학교앞,표지설치,대장입력완료, , , , , ,127.096026 ,37.740164 
정류장,250,송산2동,3770502304,의정부시,240, ,마을버스,민락중학교앞,표지설치,대장입력완료, , , , , ,127.095774 ,37.740139 
정류장,249,송산2동,3770502304,의정부시,240, ,일반버스,민락중학교앞,표지설치,대장입력완료, , , , , ,127.095827 ,37.740187 
정류장,248,송산2동,3770502302,의정부시,1819, ,일반버스,동양아파트,표지설치,대장입력완료, , , , , ,127.097219 ,37.742285 
정류장,247,송산2동,3770502301,의정부시,239, ,일반버스,신안아파트앞(동문),표지설치,대장입력완료, , , , , ,127.093688 ,37.740786 
정류장,246,송산2동,3770502301,의정부시,239, ,일반버스,신안아파트앞(동문),표지설치,대장입력완료, , , , , ,127.093867 ,37.740945 
정류장,245,송산2동,3770502301,의정부시,239, ,마을버스,우체국,표지설치,대장입력완료, , , , , ,127.093883 ,37.740997 
정류장,244,송산2동,3770502301,의정부시,1816, ,마을버스,청구2차아파트,표지설치,대장입력완료, , , , , ,127.094359 ,37.742427 
정류장,243,송산2동,3770502292,의정부시,1787, ,일반버스,신안아파트앞(남문),표지설치,대장입력완료, , , , , ,127.092248 ,37.740772 
정류장,242,송산2동,3770502292,의정부시,1787, ,마을버스,신안상가,표지설치,대장입력완료, , , , , ,127.092163 ,37.740790 
정류장,241,송산2동,3770502292,의정부시,1785, ,일반버스,신안아파트앞(남문),표지설치,대장입력완료, , , , , ,127.092550 ,37.740861 
정류장,240,송산2동,3770502291,의정부시,1772, ,일반버스,송산주공7단지앞,표지설치,대장입력완료, , , , , ,127.089867 ,37.741269 
정류장,239,송산2동,3770502291,의정부시,1772, ,일반버스,오동초등학교,표지설치,대장입력완료, , , , , ,127.090195 ,37.741352 
정류장,238,송산2동,3770502292,의정부시,1679, ,일반버스,송현고등학교앞,표지설치,대장입력완료, , , , , ,127.091324 ,37.742394 
정류장,237,송산1동,3770502282,의정부시,1637, ,마을버스,신도10차아파트,표지설치,대장입력완료, , , , , ,127.085928 ,37.740309 
정류장,236,송산1동,3770502282,의정부시,1637, ,마을버스,신도10차아파트,표지설치,대장입력완료, , , , , ,127.086154 ,37.740603 
정류장,235,송산2동,3770502282,의정부시,327, ,일반버스,주공7단지앞,표지설치,대장입력완료, , , , , ,127.086829 ,37.741032 
정류장,234,송산2동,3770502282,의정부시,1763, ,일반버스,신도10차아파트,표지설치,대장입력완료, , , , , ,127.086835 ,37.741240 
정류장,233,송산2동,3770502204,의정부시,0, ,일반버스,궁촌마을입구,표지설치,대장입력완료, , , , , ,127.095597 ,37.744841 
정류장,232,송산2동,3770502194,의정부시,1676, ,기타,송현고,표지설치,대장입력완료, , , , , ,127.091818 ,37.743369 
정류장,231,송산2동,3770502193,의정부시,1671, ,일반버스,송산주공5단지아파트,표지설치,대장입력완료, , , , , ,127.089844 ,37.744464 
정류장,230,송산2동,3770502193,의정부시,1669, ,마을버스,"주공5,6단지",표지설치,대장입력완료, , , , , ,127.088252 ,37.744104 
정류장,229,송산2동,3770502193,의정부시,1669, ,일반버스,"주공5,6단지",표지설치,대장입력완료, , , , , ,127.088104 ,37.744222 
정류장,228,송산2동,3770502184,의정부시,1669, ,일반버스,송산주공6단지아파트,표지설치,대장입력완료, , , , , ,127.087595 ,37.743946 
정류장,227,송산2동,3770502184,의정부시,236, ,마을버스,롯데마트앞,표지설치,대장입력완료, , , , , ,127.086251 ,37.743631 
정류장,226,송산1동,3770502183,의정부시,1639, ,마을버스,롯데마트앞,표지설치,대장입력완료, , , , , ,127.085015 ,37.742846 
정류장,225,송산1동,3770502183,의정부시,1639, ,일반버스,롯데마트앞,표지설치,대장입력완료, , , , , ,127.084959 ,37.742999 
정류장,224,송산1동,3770502183,의정부시,1639, ,기타,롯데마트앞,표지설치,대장입력완료, , , , , ,127.085265 ,37.742997 
정류장,223,장암동,3770502922,의정부시,1291, ,일반버스,상촌삼거리,표지설치,대장입력완료, , , , , ,127.057345 ,37.705584 
정류장,222,장암동,3770502922,의정부시,0, ,일반버스,상촌삼거리,표지설치,대장입력완료, , , , , ,127.057464 ,37.706584 
정류장,219,호원1동,3770502911,의정부시,170789, ,기타,호암초교,표지설치,대장입력완료, , , , , ,127.048219 ,37.705412 
정류장,218,호원1동,3770502813,의정부시,2005, ,일반버스,장수원,표지설치,대장입력완료, , , , , ,127.048260 ,37.707967 
정류장,217,호원1동,3770502813,의정부시,2005, ,일반버스,장수원,표지설치,대장입력완료, , , , , ,127.048030 ,37.708121 
정류장,216,호원1동,3770502813,의정부시,2008, ,마을버스,장수원,표지설치,대장입력완료, , , , , ,127.048116 ,37.709139 
정류장,215,송산1동,3770502601,의정부시,0, ,일반버스,교도소앞,표지설치,대장입력완료, , , , , ,127.094679 ,37.725940 
정류장,214,송산1동,3770502601,의정부시,0, ,일반버스,교도소앞,표지설치,대장입력완료, , , , , ,127.094224 ,37.726713 
정류장,213,장암동,3770502534,의정부시,35, ,마을버스,장암주공1단지,표지설치,대장입력완료, , , , , ,127.060637 ,37.723905 
정류장,212,장암동,3770502534,의정부시,35, ,일반버스,장암주공우성아파트,표지설치,대장입력완료, , , , , ,127.060580 ,37.724200 
정류장,211,장암동,3770502533,의정부시,35, ,일반버스,장암주공우성아파트,표지설치,대장입력완료, , , , , ,127.060212 ,37.724251 
정류장,210,신곡1동,3770502532,의정부시,201, ,마을버스,한국풍림아파트,표지설치,대장입력완료, , , , , ,127.061669 ,37.726518 
정류장,209,신곡1동,3770502532,의정부시,201, ,마을버스,발곡초교,표지설치,대장입력완료, , , , , ,127.061459 ,37.726677 
정류장,208,신곡1동,3770502531,의정부시,278, ,마을버스,풍림아파트,표지설치,대장입력완료, , , , , ,127.059900 ,37.727565 
정류장,207,신곡1동,3770502531,의정부시,278, ,일반버스,풍림아파트,표지설치,대장입력완료, , , , , ,127.059864 ,37.727703 
정류장,206,신곡1동,3770502531,의정부시,187, ,기타,"장암주공2,5단지",표지설치,대장입력완료, , , , , ,127.058837 ,37.726526 
정류장,205,신곡1동,3770502531,의정부시,187, ,기타,"장암주공2,5단지",표지설치,대장입력완료, , , , , ,127.058726 ,37.726695 
정류장,204,신곡1동,3770502522,의정부시,1362, ,기타,장암주공1단지/발곡중,표지설치,대장입력완료, , , , , ,127.055635 ,37.726533 
정류장,203,신곡1동,3770502522,의정부시,1362, ,기타,장암주공1단지/발곡중,표지설치,대장입력완료, , , , , ,127.055786 ,37.726700 
정류장,202,호원1동,3770502513,의정부시,2021, ,일반버스,회룡역,표지설치,대장입력완료, , , , , ,127.047951 ,37.723215 
정류장,201,호원1동,3770502513,의정부시,2021, ,일반버스,회룡역,표지설치,대장입력완료, , , , , ,127.048237 ,37.723547 
정류장,200,호원1동,3770502513,의정부시,2021, ,마을버스,회룡역,표지설치,대장입력완료, , , , , ,127.048058 ,37.723716 
정류장,199,호원1동,3770502513,의정부시,2021, ,마을버스,회룡역,표지설치,대장입력완료, , , , , ,127.048281 ,37.723764 
정류장,198,호원2동,3770502511,의정부시,2030, ,일반버스,한신아파트앞,표지설치,대장입력완료, , , , , ,127.048087 ,37.726952 
정류장,197,호원2동,3770502511,의정부시,1372, ,일반버스,중앙감리교회앞,표지설치,대장입력완료, , , , , ,127.049491 ,37.725959 
정류장,196,호원2동,3770502511,의정부시,1372, ,마을버스,중앙감리교회앞,표지설치,대장입력완료, , , , , ,127.049246 ,37.725904 
정류장,195,호원2동,3770502511,의정부시,1372, ,일반버스,중앙감리교회앞,표지설치,대장입력완료, , , , , ,127.049381 ,37.726096 
정류장,194,송산1동,3770502491,의정부시,205, ,일반버스,송산주공4단지앞,표지설치,대장입력완료, , , , , ,127.088992 ,37.731523 
정류장,193,송산1동,3770502481,의정부시,1891, ,일반버스,만가대,표지설치,대장입력완료, , , , , ,127.084978 ,37.730424 
정류장,192,송산1동,3770502481,의정부시,1891, ,일반버스,만가대,표지설치,대장입력완료, , , , , ,127.084787 ,37.730756 
정류장,191,송산1동,3770502481,의정부시,1838, ,마을버스,새마을금고,표지설치,대장입력완료, , , , , ,127.084701 ,37.732192 
정류장,190,신곡1동,3770502433,의정부시,278, ,마을버스,주공5단지앞,표지설치,대장입력완료, , , , , ,127.059472 ,37.727890 
정류장,189,신곡1동,3770502433,의정부시,278, ,일반버스,주공5단지앞,표지설치,대장입력완료, , , , , ,127.059443 ,37.728033 
정류장,188,신곡1동,3770502431,의정부시,277, ,마을버스,서해아파트정문,표지설치,대장입력완료, , , , , ,127.059295 ,37.730336 
정류장,187,신곡1동,3770502431,의정부시,277, ,일반버스,서해아파트정문,표지설치,대장입력완료, , , , , ,127.059281 ,37.730372 
정류장,186,신곡1동,3770502431,의정부시,1306, ,일반버스,서해아파트정문,표지설치,대장입력완료, , , , , ,127.058928 ,37.730660 
정류장,185,신곡1동,3770502431,의정부시,1308, ,마을버스,서해아파트정문,표지설치,대장입력완료, , , , , ,127.058900 ,37.730753 
정류장,184,신곡1동,3770502431,의정부시,36, ,일반버스,신곡주택앞,표지설치,대장입력완료, , , , , ,127.058574 ,37.732207 
정류장,183,신곡1동,3770502431,의정부시,36, ,마을버스,신곡주택앞,표지설치,대장입력완료, , , , , ,127.058540 ,37.732300 
정류장,182,,3770501162,의정부시,24, ,일반버스,경민대학,표지설치,대장입력완료, , , , , ,127.026288 ,37.745728 
정류장,181,신곡1동,3770502522,의정부시,190, ,마을버스,신곡현대아파트,표지설치,대장입력완료, , , , , ,127.056598 ,37.727726 
정류장,180,신곡1동,3770502424,의정부시,190, ,마을버스,신곡현대아파트,표지설치,대장입력완료, , , , , ,127.056470 ,37.728138 
정류장,179,신곡1동,3770502424,의정부시,198, ,일반버스,신곡현대아파트,표지설치,대장입력완료, , , , , ,127.057631 ,37.728794 
정류장,178,신곡1동,3770502424,의정부시,192, ,일반버스,동신삼익아파트,표지설치,대장입력완료, , , , , ,127.056468 ,37.729701 
정류장,177,신곡1동,3770502422,의정부시,1409, ,마을버스,신곡1동사무소앞,표지설치,대장입력완료, , , , , ,127.056597 ,37.730960 
정류장,176,신곡1동,3770502422,의정부시,1571, ,일반버스,신곡1동사무소앞,표지설치,대장입력완료, , , , , ,127.056910 ,37.731186 
정류장,175,신곡1동,3770502422,의정부시,1571, ,일반버스,신곡1동우체국앞,표지설치,대장입력완료, , , , , ,127.057208 ,37.731319 
정류장,174,신곡1동,3770502422,의정부시,194, ,마을버스,신곡1동우체국앞,표지설치,대장입력완료, , , , , ,127.056468 ,37.731875 
정류장,173,,3770502411,의정부시,170659, ,일반버스,병무청,표지설치,대장입력완료, , , , , ,127.048125 ,37.731416 
정류장,172,송산2동,3770502401,의정부시,1603, ,일반버스,청구아파트앞,표지설치,대장입력완료, , , , , ,127.095196 ,37.736691 
정류장,171,송산2동,3770502402,의정부시,1603, ,일반버스,청구아파트후문,표지설치,대장입력완료, , , , , ,127.095497 ,37.737238 
정류장,170,송산1동,3770502394,의정부시,1605, ,일반버스,송산주공4단지앞,표지설치,대장입력완료, , , , , ,127.090443 ,37.733091 
정류장,169,송산1동,3770502393,의정부시,247, ,마을버스,주공4단지,표지설치,대장입력완료, , , , , ,127.088816 ,37.733709 
정류장,168,송산1동,3770502393,의정부시,1619, ,마을버스,한라비발디아파트,표지설치,대장입력완료, , , , , ,127.088336 ,37.734113 
정류장,167,송산1동,3770502393,의정부시,1619, ,마을버스,한라비발디아파트,표지설치,대장입력완료, , , , , ,127.088447 ,37.734659 
정류장,166,송산2동,3770502393,의정부시,1853, ,마을버스,부용중고,표지설치,대장입력완료, , , , , ,127.090140 ,37.734904 
정류장,165,송산2동,3770502394,의정부시,1853, ,마을버스,부용중고,표지설치,대장입력완료, , , , , ,127.090727 ,37.735145 
정류장,164,송산2동,3770502392,의정부시,1853, ,마을버스,신광교회,표지설치,대장입력완료, , , , , ,127.091610 ,37.736176 
정류장,163,송산2동,3770502392,의정부시,1854, ,마을버스,신광교회,표지설치,대장입력완료, , , , , ,127.091916 ,37.736325 
정류장,162,송산2동,3770502392,의정부시,1834, ,마을버스,청구아파트,표지설치,대장입력완료, , , , , ,127.092738 ,37.737134 
정류장,161,송산1동,3770502382,의정부시,1623, ,마을버스,용현초교,표지설치,대장입력완료, , , , , ,127.087336 ,37.736706 
정류장,160,송산1동,3770502373,의정부시,214, ,일반버스,306보충대앞,표지설치,대장입력완료, , , , , ,127.079568 ,37.733596 
정류장,159,송산1동,3770502373,의정부시,214, ,일반버스,용현주공아파트,표지설치,대장입력완료, , , , , ,127.079825 ,37.733797 
정류장,158,송산1동,3770502374,의정부시,1702, ,일반버스,송산1동사무소앞,표지설치,대장입력완료, , , , , ,127.080607 ,37.734741 
정류장,157,의정부2동,3770501501,의정부시,130, ,일반버스,한국통신전화국,표지설치,대장입력완료, , , , , ,127.043474 ,37.731503 
정류장,156,의정부시,3770507223,의정부시,0, ,일반버스,노원마을,표지설치,대장입력완료, , , , , ,127.055268 ,37.688943 
정류장,155,장암동,3770507224,의정부시,0, ,일반버스,노원마을,표지설치,대장입력완료, , , , , ,127.055605 ,37.689182 
정류장,154,장암동,3770507023,의정부시,1283, ,일반버스,장암역,표지설치,대장입력완료, , , , , ,127.054538 ,37.700161 
정류장,153,장암동,3770507021,의정부시,1283, ,일반버스,석림사입구,표지설치,대장입력완료, , , , , ,127.054943 ,37.700350 
정류장,152,호원1동,3770506203,의정부시,351, ,일반버스,다락원,표지설치,대장입력완료, , , , , ,127.044724 ,37.694183 
정류장,151,호원1동,3770506203,의정부시,351, ,일반버스,다락원,표지설치,대장입력완료, , , , , ,127.045134 ,37.694759 
정류장,150,호원1동,3770506103,의정부시,0, ,일반버스,다락원부대,표지설치,대장입력완료, , , , , ,127.045370 ,37.698035 
정류장,149,호원1동,3770506102,의정부시,51, ,일반버스,"롯데,신도아파트",표지설치,대장입력완료, , , , , ,127.047381 ,37.702004 
정류장,148,호원1동,3770501004,의정부시,170783, ,기타,롯데아파트,표지설치,대장입력완료, , , , , ,127.047777 ,37.702917 
정류장,147,호원1동,3770501004,의정부시,170783, ,기타,호암초교앞,표지설치,대장입력완료, , , , , ,127.047887 ,37.704779 
정류장,146,호원1동,3770501902,의정부시,170774, ,마을버스,망월사역,표지설치,대장입력완료, , , , , ,127.047693 ,37.711722 
정류장,145,호원1동,3770501902,의정부시,170774, ,마을버스,망월사역,표지설치,대장입력완료, , , , , ,127.047461 ,37.711726 
정류장,144,호원1동,3770501902,의정부시,170777, ,일반버스,안말입구,표지설치,대장입력완료, , , , , ,127.047305 ,37.712743 
정류장,143,호원1동,3770501804,의정부시,170736, ,일반버스,안말입구,표지설치,대장입력완료, , , , , ,127.047366 ,37.713778 
정류장,142,호원1동,3770501804,의정부시,0, ,마을버스,회룡중,표지설치,대장입력완료, , , , , ,127.046490 ,37.714777 
정류장,141,호원1동,3770501802,의정부시,170765, ,일반버스,검문소앞,표지설치,대장입력완료, , , , , ,127.047153 ,37.716568 
정류장,140,호원1동,3770501802,의정부시,170765, ,일반버스,검문소앞,표지설치,대장입력완료, , , , , ,127.047367 ,37.716745 
정류장,139,호원1동,3770501704,의정부시,170752, ,일반버스,한주아파트앞,표지설치,대장입력완료, , , , , ,127.047436 ,37.718980 
정류장,138,호원1동,3770501704,의정부시,170752, ,일반버스,자동차검사소,표지설치,대장입력완료, , , , , ,127.047201 ,37.719023 
정류장,137,호원1동,3770501702,의정부시,2012, ,일반버스,호원중학교,표지설치,대장입력완료, , , , , ,127.047473 ,37.720894 
정류장,136,호원2동,3770501704,의정부시,170929, ,마을버스,호원중학교,표지설치,대장입력완료, , , , , ,127.045747 ,37.719629 
정류장,135,호원2동,3770501701,의정부시,0, ,마을버스,회룡골입구,표지설치,대장입력완료, , , , , ,127.044206 ,37.722409 
정류장,134,호원2동,3770501603,의정부시,16012, ,마을버스,개나리아파트,표지설치,대장입력완료, , , , , ,127.043931 ,37.723818 
정류장,133,호원2동,3770501601,의정부시,16012, ,마을버스,미도아파트,표지설치,대장입력완료, , , , , ,127.043775 ,37.725292 
정류장,132,호원2동,3770501602,의정부시,170875, ,일반버스,한신아파트,표지설치,대장입력완료, , , , , ,127.045918 ,37.725709 
정류장,131,호원2동,3770501602,의정부시,170875, ,일반버스,한신아파트,표지설치,대장입력완료, , , , , ,127.045821 ,37.725869 
정류장,130,호원2동,3770501601,의정부시,170690, ,일반버스,뉴삼익2차아파트,표지설치,대장입력완료, , , , , ,127.043177 ,37.727201 
정류장,129,호원2동,3770501601,의정부시,0, ,일반버스,뉴삼익2차아파트,표지설치,대장입력완료, , , , , ,127.043230 ,37.727466 
정류장,128,호원2동,3770501591,의정부시,170843, ,기타,신도6차아파트,표지설치,대장입력완료, , , , , ,127.040129 ,37.727123 
정류장,127,호원2동,3770501591,의정부시,170841, ,기타,신도6차아파트,표지설치,대장입력완료, , , , , ,127.040239 ,37.727270 
정류장,126,,3770502411,의정부시,170659, ,일반버스,병무청앞,표지설치,대장입력완료, , , , , ,127.047930 ,37.731252 
정류장,125,의정부2동,3770501501,의정부시,130, ,일반버스,한국통신전화국,표지설치,대장입력완료, , , , , ,127.043731 ,37.731372 
정류장,124,호원2동,3770501494,의정부시,170691, ,일반버스,뉴삼익3차아파트,표지설치,대장입력완료, , , , , ,127.041608 ,37.728431 
정류장,123,호원2동,3770501494,의정부시,170693, ,일반버스,뉴삼익3차아파트,표지설치,대장입력완료, , , , , ,127.040835 ,37.728276 
정류장,122,호원2동,3770501493,의정부시,170848, ,일반버스,삼성교회,표지설치,대장입력완료, , , , , ,127.039847 ,37.728281 
정류장,121,호원2동,3770501493,의정부시,170848, ,마을버스,삼성교회,표지설치,대장입력완료, , , , , ,127.039636 ,37.728282 
정류장,120,호원2동,3770501493,의정부시,170848, ,마을버스,삼성교회,표지설치,대장입력완료, , , , , ,127.039652 ,37.728446 
정류장,119,호원2동,3770501492,의정부시,170833, ,일반버스,삼익아파트,표지설치,대장입력완료, , , , , ,127.042883 ,37.730617 
정류장,118,의정부2동,3770501493,의정부시,170702, ,일반버스,동화아파트,표지설치,대장입력완료, , , , , ,127.038278 ,37.730196 
정류장,117,의정부2동,3770501491,의정부시,170702, ,기타,동화아파트,표지설치,대장입력완료, , , , , ,127.038456 ,37.730387 
정류장,116,의정부2동,3770501491,의정부시,170702, ,마을버스,동화아파트,표지설치,대장입력완료, , , , , ,127.038272 ,37.730380 
정류장,115,의정부2동,3770501482,의정부시,170675, ,일반버스,범골입구,표지설치,대장입력완료, , , , , ,127.037116 ,37.732681 
정류장,113,,3770501404,의정부시,170581, ,일반버스,우체국앞,표지설치,대장입력완료, , , , , ,127.047765 ,37.734711 
정류장,112,의정부2동,3770501403,의정부시,132, ,일반버스,여성회관입구,표지설치,대장입력완료, , , , , ,127.043624 ,37.734224 
정류장,111,의정부2동,3770501403,의정부시,170599, ,일반버스,여성회관입구,표지설치,대장입력완료, , , , , ,127.043232 ,37.735275 
정류장,110,의정부2동,3770501401,의정부시,170593, ,일반버스,쌍둥이빌딩,표지설치,대장입력완료, , , , , ,127.043464 ,37.737251 
정류장,109,의정부2동,3770501401,의정부시,170593, ,일반버스,쌍둥이빌딩,표지설치,대장입력완료, , , , , ,127.043178 ,37.737295 
정류장,108,의정부2동,3770501401,의정부시,170596, ,마을버스,의정부역,표지설치,대장입력완료, , , , , ,127.043147 ,37.737729 
정류장,107,의정부2동,3770501393,의정부시,170632, ,마을버스,(구)세진컴퓨터,표지설치,대장입력완료, , , , , ,127.038085 ,37.734092 
정류장,106,의정부2동,3770501393,의정부시,170805, ,마을버스,단군뷔페,표지설치,대장입력완료, , , , , ,127.038232 ,37.734575 
정류장,105,의정부2동,3770501391,의정부시,170119, ,마을버스,보건소,표지설치,대장입력완료, , , , , ,127.039472 ,37.735554 
정류장,104,의정부2동,3770501391,의정부시,170119, ,마을버스,보건소,표지설치,대장입력완료, , , , , ,127.039436 ,37.735701 
정류장,103,의정부2동,3770501392,의정부시,170626, ,마을버스,여성회관,표지설치,대장입력완료, , , , , ,127.042787 ,37.736031 
정류장,102,의정부2동,3770501391,의정부시,170602, ,마을버스,동원웨딩홀,표지설치,대장입력완료, , , , , ,127.039898 ,37.737091 
정류장,101,의정부2동,3770501384,의정부시,170675, ,마을버스,범골입구,표지설치,대장입력완료, , , , , ,127.037483 ,37.732907 
정류장,100,의정부2동,3770501384,의정부시,170675, ,일반버스,범골입구,표지설치,대장입력완료, , , , , ,127.037303 ,37.732954 
정류장,98,의정부2동,3770501383,의정부시,170104, ,마을버스,예술의전당,표지설치,대장입력완료, , , , , ,127.035300 ,37.733401 
정류장,97,의정부2동,3770501381,의정부시,170817, ,일반버스,청소년회관앞,표지설치,대장입력완료, , , , , ,127.035207 ,37.735415 
정류장,96,의정부2동,3770501381,의정부시,170817, ,일반버스,청소년회관앞,표지설치,대장입력완료, , , , , ,127.034946 ,37.735439 
정류장,95,의정부2동,3770501381,의정부시,170620, ,마을버스,시청,표지설치,대장입력완료, , , , , ,127.035096 ,37.737571 
정류장,94,,3770501341,의정부시,0, ,일반버스,상직동,표지설치,대장입력완료, , , , , ,127.013248 ,37.737375 
정류장,93,,3770501332,의정부시,170507, ,일반버스,상직동,표지설치,대장입력완료, , , , , ,127.011989 ,37.737192 
정류장,92,의정부2동,3770501284,의정부시,170110, ,기타,농협,표지설치,대장입력완료, , , , , ,127.037626 ,37.738049 
정류장,90,의정부2동,3770501283,의정부시,170512, ,일반버스,시청,표지설치,대장입력완료, , , , , ,127.035041 ,37.739221 
정류장,89,의정부2동,3770501283,의정부시,170512, ,일반버스,시청,표지설치,대장입력완료, , , , , ,127.034747 ,37.739288 
정류장,88,,3770501281,의정부시,170462, ,일반버스,흥선교앞,표지설치,대장입력완료, , , , , ,127.034884 ,37.741379 
정류장,87,,3770501281,의정부시,170462, ,일반버스,흥선교앞,표지설치,대장입력완료, , , , , ,127.034624 ,37.741603 
정류장,86,,3770501282,의정부시,170456, ,일반버스,곧은골로터리,표지설치,대장입력완료, , , , , ,127.036308 ,37.742602 
정류장,84,의정부1동,3770501304,의정부시,58, ,일반버스,의정부역(동부광장),표지설치,대장입력완료, , , , , ,127.047650 ,37.739591 
정류장,83,의정부1동,3770501304,의정부시,170531, ,마을버스,의정부역앞,표지설치,대장입력완료, , , , , ,127.047558 ,37.739899 
정류장,82,의정부1동,3770501304,의정부시,170531, ,일반버스,의정부역(동부광장),표지설치,대장입력완료, , , , , ,127.047327 ,37.739881 
정류장,81,의정부1동,3770501304,의정부시,170531, ,마을버스,한미은행,표지설치,대장입력완료, , , , , ,127.047287 ,37.740032 
정류장,80,의정부1동,3770501302,의정부시,170074, ,마을버스,의정부역,표지설치,대장입력완료, , , , , ,127.047081 ,37.740867 
정류장,79,의정부1동,3770501302,의정부시,170447, ,일반버스,의정부경찰서,표지설치,대장입력완료, , , , , ,127.046687 ,37.742490 
정류장,78,의정부2동,3770501303,의정부시,134, ,마을버스,낙원뷔페,표지설치,대장입력완료, , , , , ,127.043339 ,37.738886 
정류장,77,의정부2동,3770501303,의정부시,170492, ,일반버스,의정부2동사무소,표지설치,대장입력완료, , , , , ,127.043314 ,37.739250 
정류장,76,의정부2동,3770501301,의정부시,170498, ,일반버스,의정부2동사무소앞,표지설치,대장입력완료, , , , , ,127.043050 ,37.740746 
정류장,75,의정부2동,3770501294,의정부시,170551, ,기타,삼성생명,표지설치,대장입력완료, , , , , ,127.042367 ,37.738192 
정류장,74,의정부2동,3770501294,의정부시,170550, ,일반버스,낙원웨딩홀,표지설치,대장입력완료, , , , , ,127.042146 ,37.738443 
정류장,73,의정부2동,3770501293,의정부시,170544, ,일반버스,우체국앞,표지설치,대장입력완료, , , , , ,127.039023 ,37.738378 
정류장,72,의정부2동,3770501292,의정부시,170470, ,일반버스,의정부의료원,표지설치,대장입력완료, , , , , ,127.042242 ,37.741704 
정류장,71,의정부2동,3770501292,의정부시,170469, ,일반버스,의정부의료원,표지설치,대장입력완료, , , , , ,127.041900 ,37.741695 
정류장,70,,3770501291,의정부시,170453, ,일반버스,서중학교,표지설치,대장입력완료, , , , , ,127.038529 ,37.742287 
정류장,69,,3770501291,의정부시,170453, ,일반버스,서중학교,표지설치,대장입력완료, , , , , ,127.038256 ,37.742417 
정류장,68,,3770501261,의정부시,67, ,일반버스,동명빌라,표지설치,대장입력완료, , , , , ,127.023029 ,37.742287 
정류장,67,의정부1동,3770501204,의정부시,170386, ,일반버스,중앙초교앞,표지설치,대장입력완료, , , , , ,127.046277 ,37.744922 
정류장,66,의정부1동,3770501202,의정부시,170389, ,일반버스,보훈지청,표지설치,대장입력완료, , , , , ,127.045946 ,37.745327 
정류장,65,의정부1동,3770501202,의정부시,170314, ,마을버스,배영초교,표지설치,대장입력완료, , , , , ,127.046613 ,37.746950 
정류장,64,의정부1동,3770501201,의정부시,62, ,일반버스,북부전철역,표지설치,대장입력완료, , , , , ,127.045340 ,37.747644 
정류장,63,,3770501192,의정부시,170085, ,일반버스,의정부여중,표지설치,대장입력완료, , , , , ,127.042405 ,37.746821 
정류장,61,,3770501192,의정부시,170335, ,일반버스,수정아파트,표지설치,대장입력완료, , , , , ,127.041431 ,37.746888 
정류장,60,,3770501184,의정부시,170459, ,일반버스,곧은골로터리,표지설치,대장입력완료, , , , , ,127.035745 ,37.742837 
정류장,59,,3770501183,의정부시,73, ,일반버스,흥선광장,표지설치,대장입력완료, , , , , ,127.034607 ,37.743913 
정류장,58,,3770501183,의정부시,170395, ,일반버스,흥선광장,표지설치,대장입력완료, , , , , ,127.034704 ,37.744866 
정류장,57,,3770501182,의정부시,170350, ,일반버스,가능초교앞,표지설치,대장입력완료, , , , , ,127.035962 ,37.746621 
정류장,56,,3770501182,의정부시,170347, ,일반버스,가능초교앞,표지설치,대장입력완료, , , , , ,127.036931 ,37.746744 
정류장,55,,3770501181,의정부시,170377, ,일반버스,시민회관,표지설치,대장입력완료, , , , , ,127.033806 ,37.746546 
정류장,54,,3770501181,의정부시,170377, ,일반버스,시민회관,표지설치,대장입력완료, , , , , ,127.032968 ,37.746629 
정류장,53,,3770501272,의정부시,170432, ,일반버스,가능3동사무소,표지설치,대장입력완료, , , , , ,127.031093 ,37.742760 
정류장,51,,3770501174,의정부시,170432, ,일반버스,가능3동사무소,표지설치,대장입력완료, , , , , ,127.031311 ,37.742986 
정류장,50,,3770501173,의정부시,170420, ,일반버스,안골유원지입구,표지설치,대장입력완료, , , , , ,127.028014 ,37.742965 
정류장,49,,3770501171,의정부시,0, ,일반버스,군단앞,표지설치,대장입력완료, , , , , ,127.029840 ,37.747725 
정류장,48,,3770501261,의정부시,67, ,일반버스,동명빌라,표지설치,대장입력완료, , , , , ,127.023235 ,37.742763 
정류장,47,,3770501164,의정부시,170415, ,일반버스,안골유원지입구,표지설치,대장입력완료, , , , , ,127.026777 ,37.742903 
정류장,46,,3770501162,의정부시,24, ,일반버스,경민대학,표지설치,대장입력완료, , , , , ,127.026604 ,37.745457 
정류장,45,의정부1동,3770501104,의정부시,170287, ,일반버스,북부역앞,표지설치,대장입력완료, , , , , ,127.045456 ,37.748109 
정류장,44,의정부1동,3770501103,의정부시,170290, ,마을버스,북부역앞,표지설치,대장입력완료, , , , , ,127.045083 ,37.748644 
정류장,43,의정부1동,3770501104,의정부시,11027, ,마을버스,구한전입구,표지설치,대장입력완료, , , , , ,127.046639 ,37.749393 
정류장,42,의정부1동,3770501104,의정부시,170278, ,일반버스,구한전입구,표지설치,대장입력완료, , , , , ,127.046554 ,37.749370 
정류장,41,의정부1동,3770501104,의정부시,170278, ,일반버스,구한전입구,표지설치,대장입력완료, , , , , ,127.046379 ,37.749330 
정류장,40,의정부1동,3770501101,의정부시,64, ,일반버스,주택앞,표지설치,대장입력완료, , , , , ,127.044127 ,37.751416 
정류장,39,의정부1동,3770501101,의정부시,64, ,일반버스,주택앞,표지설치,대장입력완료, , , , , ,127.044269 ,37.751619 
정류장,38,,3770501094,의정부시,170307, ,일반버스,북부역앞,표지설치,대장입력완료, , , , , ,127.042759 ,37.748064 
정류장,37,,3770501094,의정부시,170307, ,마을버스,새마을,표지설치,대장입력완료, , , , , ,127.042752 ,37.748179 
정류장,36,,3770501094,의정부시,170307, ,일반버스,북부역앞,표지설치,대장입력완료, , , , , ,127.042610 ,37.748118 
정류장,35,,3770501092,의정부시,170272, ,일반버스,의정부여고앞,표지설치,대장입력완료, , , , , ,127.042009 ,37.750364 
정류장,34,,3770501092,의정부시,170272, ,일반버스,의정부여고앞,표지설치,대장입력완료, , , , , ,127.041771 ,37.750478 
정류장,33,,3770501093,의정부시,170263, ,일반버스,가능주공아파트앞,표지설치,대장입력완료, , , , , ,127.037989 ,37.750216 
정류장,32,,3770501082,의정부시,170263, ,일반버스,가능주공아파트앞,표지설치,대장입력완료, , , , , ,127.037807 ,37.750342 
정류장,31,,3770501084,의정부시,170257, ,일반버스,갤러리웨딩홀앞,표지설치,대장입력완료, , , , , ,127.035508 ,37.750130 
정류장,30,,3770501083,의정부시,170257, ,일반버스,갤러리웨딩홀,표지설치,대장입력완료, , , , , ,127.035318 ,37.750252 
정류장,29,,3770501081,의정부시,170077, ,일반버스,율림주택,표지설치,대장입력완료, , , , , ,127.032892 ,37.752124 
정류장,28,,3770501073,의정부시,25, ,일반버스,군단앞,표지설치,대장입력완료, , , , , ,127.029692 ,37.747838 
정류장,27,,3770121944,의정부시,0, ,일반버스,입석마을,표지설치,대장입력완료, , , , , ,127.016701 ,37.755179 
정류장,26,,3770121993,의정부시,0, ,마을버스,신천병원앞,표지설치,대장입력완료, , , , , ,127.038221 ,37.754910 
정류장,25,,3770121984,의정부시,0, ,마을버스,신천병원앞,표지설치,대장입력완료, , , , , ,127.036853 ,37.753618 
정류장,23,송산2동,3770502302,의정부시,1819, ,일반버스,민락현대아파트,표지설치,대장입력완료, , , , , ,127.096749 ,37.741584 
정류장,22,,3770121984,의정부시,28, ,마을버스,광동여고,표지설치,대장입력완료, , , , , ,127.037856 ,37.755019 
정류장,21,녹양동,3770121981,의정부시,0, ,일반버스,녹양주공아파트,표지설치,대장입력완료, , , , , ,127.032957 ,37.756555 
정류장,20,녹양동,3770121981,의정부시,0, ,일반버스,녹양주공아파트,표지설치,대장입력완료, , , , , ,127.033068 ,37.756914 
정류장,19,녹양동,3770121982,의정부시,400067, ,마을버스,누가약국,표지설치,대장입력완료, , , , , ,127.037059 ,37.757589 
정류장,18,,3770121974,의정부시,170014, ,일반버스,"의정부고교,법원",표지설치,대장입력완료, , , , , ,127.032171 ,37.754517 
정류장,17,,3770121974,의정부시,170014, ,일반버스,"의정부고교,법원",표지설치,대장입력완료, , , , , ,127.032279 ,37.754719 
정류장,16,녹양동,3770121972,의정부시,0, ,일반버스,종합운동장,표지설치,대장입력완료, , , , , ,127.031045 ,37.756870 
정류장,15,녹양동,3770121903,의정부시,29, ,일반버스,하동촌,표지설치,대장입력완료, , , , , ,127.043029 ,37.759722 
정류장,14,녹양동,3770121893,의정부시,170174, ,마을버스,화인빌딩,표지설치,대장입력완료, , , , , ,127.038799 ,37.758350 
정류장,13,녹양동,3770121893,의정부시,10, ,마을버스,화인빌딩,표지설치,대장입력완료, , , , , ,127.038964 ,37.758521 
정류장,12,녹양동,3770121883,의정부시,170018, ,마을버스,청구아파트,표지설치,대장입력완료, , , , , ,127.033260 ,37.757971 
정류장,11,녹양동,3770121883,의정부시,0, ,일반버스,녹양현대아파트,표지설치,대장입력완료, , , , , ,127.034133 ,37.758522 
정류장,10,녹양동,3770121883,의정부시,170170, ,일반버스,녹양현대아파트,표지설치,대장입력완료, , , , , ,127.034828 ,37.759078 
정류장,9,녹양동,3770121881,의정부시,2, ,기타,녹양초등학교입구,표지설치,대장입력완료, , , , , ,127.034533 ,37.761634 
정류장,8,녹양동,3770121881,의정부시,170143, ,기타,녹양초등학교입구,표지설치,대장입력완료, , , , , ,127.034352 ,37.761910 
정류장,7,녹양동,3770121874,의정부시,3, ,마을버스,현대아파트,표지설치,대장입력완료, , , , , ,127.031707 ,37.759820 
정류장,6,녹양동,3770121871,의정부시,170164, ,마을버스,"대림,신도아파트",표지설치,대장입력완료, , , , , ,127.030279 ,37.760335 
정류장,5,녹양동,3770121803,의정부시,0, ,일반버스,비석거리,표지설치,대장입력완료, , , , , ,127.043539 ,37.764178 
정류장,4,의정부1동,3770121003,의정부시,170244, ,일반버스,대원,표지설치,대장입력완료, , , , , ,127.043557 ,37.753177 
정류장,3,의정부1동,3770121003,의정부시,170244, ,마을버스,13번종점,표지설치,대장입력완료, , , , , ,127.043568 ,37.753113 
정류장,2,의정부1동,3770121001,의정부시,170210, ,일반버스,대원,표지설치,대장입력완료, , , , , ,127.043297 ,37.755613 
정류장,1,의정부1동,3770121001,의정부시,170219, ,일반버스,녹양로터리,표지설치,대장입력완료, , , , , ,127.042973 ,37.757158 
