,장소이름,소개,가격대,요리,특별식 제공,식사 시간,특징
0,인디언키친,제주도 인도음심점,"₩15,000 - ₩30,000","인도 요리, 아시아 요리, 건강식","채식주의 식단, 채식 옵션, 할랄, 코셔, 글루텐 프리","점심식사, 저녁식사, 음료","테이크아웃, 예약, 야외석, 좌석, 주차 가능, 무료 주차장, 유아용 의자 있음, 휠체어 이용 가능, 주류 판매, 다양한 주류를 제공, 와인 및 맥주, 무료 와이파이, 신용카드 결제 가능, 테이블 서비스"
1,명진전복,,,"해산물, 아시아 요리, 한국",,"점심식사, 저녁식사","좌석, 주차 가능, 무료 주차장, 유아용 의자 있음, 주류 판매, 신용카드 결제 가능, 테이블 서비스"
2,우진해장국,,,"아시아 요리, 한국, 수프",,"아침식사, 점심식사, 저녁식사","테이크아웃, 좌석, 주류 판매, 신용카드 결제 가능, 테이블 서비스"
3,올래국수,,,"아시아 요리, 한국",,"점심식사, 저녁식사","좌석, 신용카드 결제 가능, 테이블 서비스"
4,마초 그릴,,"₩6,500 - ₩25,000","멕시코 요리, 사우스웨스턴, 라틴, 중앙아메리카",채식주의 식단,"점심식사, 저녁식사","테이크아웃, 좌석, 주류 판매, 무료 와이파이, 테이블 서비스, 텔레비전, 다양한 주류를 제공"
5,고집돌우럭,"농림축산식품부 선정 코로나 방역 우수식당 식약처 인증 위생등급 ""우수"" 획득(제주 2만여개 일반음식점 중 유일) 네이버, 구글 총 리뷰수 1위 인스타 게시물 수 1위 고객웨이팅 리뷰 제주도 내 최다, 최고평점(4.8점) 트립어드바이저 2018, 2019 으뜸시설 선정 (제주시 1위, 서귀포시 1위)","₩9,000 - ₩99,000","해산물, 아시아 요리, 한국",,"점심식사, 저녁식사, 음료","좌석, 주차 가능, 노상 주차, 무료 주차장, 유아용 의자 있음, 다양한 주류를 제공, 전자 결제, 신용카드 결제 가능, 테이블 서비스, 테이크아웃, 예약, 휠체어 이용 가능, 드라이브 스루"
6,블루버드 바이 맥파이,,,"자가 맥주 판매pub, 바, 피자, 펍",,"저녁식사, 야간 영업, 음료","테이크아웃, 좌석, 휠체어 이용 가능, 주류 판매, 테이블 서비스"
7,협재화덕 도나토스,8세 미만의 입장을 정중히 제한합니다 8세 이상도 실내에서 뛰거나 소란스럽지 않도록 부탁드립니다.,,"이탈리아 요리, 피자","채식주의 식단, 채식 옵션","점심식사, 저녁식사, 브런치","테이크아웃, 예약, 좌석, 무료 주차장, 주류 판매, 다양한 주류를 제공, 와인 및 맥주, 아메리칸 익스프레스, 마스터카드, 비자카드, 무료 와이파이, 신용카드 결제 가능, 테이블 서비스"
8,돈사돈,,,"바베큐, 아시아 요리, 한국",,"점심식사, 저녁식사","좌석, 주류 판매, 테이블 서비스"
9,광원,,"₩37,647 - ₩74,118","바베큐, 아시아 요리, 한국",,"점심식사, 저녁식사, 브런치","테이크아웃, 예약, 야외석, 프라이빗 다이닝, 좌석, 유아용 의자 있음, 휠체어 이용 가능, 주류 판매, 무료 와이파이, 테이블 서비스"
10,삼다정,"제주의 자연이 주는 소중한 재료에 특급 쉐프의 정성어린 손길을 더해 가장 제주답고도 세계적인 요리를 선보이는, 프리미엄 라이브 뷔페 ‘삼다정’제주 도내 특급 호텔 최초로 신선한 재료를 즉석에서 요리하여 선보이는 Live Kitchen 스타일의 ‘삼다정’은 제주의 멋을 담은 격조 높은 공간 속에, 비즈니스 · 가족 모임을 위한 6개의 별실을 갖춘 프리미엄 뷔페 레스토랑입니다.",₩30 - ₩77,"이탈리아 요리, 한국, 퓨전, 인터내셔널",,"아침식사, 점심식사, 저녁식사","예약, 좌석, 주차 가능, 무료 주차장, 유아용 의자 있음, 휠체어 이용 가능, 주류 판매, 다양한 주류를 제공, 와인 및 맥주, 마스터카드, 비자카드, 전자 결제, 무료 와이파이, 부페, 신용카드 결제 가능, 테이블 서비스"
11,자매국수,,,"아시아 요리, 한국",,"아침식사, 점심식사, 저녁식사","좌석, 테이블 서비스"
12,바그다드,,₩10 - ₩22,인도 요리,"채식주의 식단, 채식 옵션, 할랄, 글루텐 프리","점심식사, 저녁식사","야외석, 유아용 의자 있음, 예약, 좌석, 주류 판매, 다양한 주류를 제공, 무료 와이파이, 테이블 서비스, 테이크아웃"
13,스시 호시카이,,,"일본 요리, 해산물, 스시, 아시아 요리",,"저녁식사, 점심식사","예약, 테이블 서비스, 좌석"
14,흑돈가 제주본점,,,"바베큐, 아시아 요리, 한국",,"점심식사, 저녁식사","예약, 좌석, 휠체어 이용 가능, 주류 판매, 테이블 서비스"
15,고집돌우럭 - 함덕점,"농림축산식품부 선정 코로나 방역 우수식당 식약처 인증 위생등급 ""우수"" 획득(제주 2만여개 일반음식점 중 유일) 네이버, 구글 총 리뷰수 1위 인스타 게시물 수 1위 고객웨이팅 리뷰 제주도 내 최다, 최고평점(4.8점) 트립어드바이저 2018, 2019 으뜸시설 선정 (제주시 1위, 서귀포시 1위)","₩19,000 - ₩54,000","한국, 해산물",,"저녁식사, 점심식사, 브런치","주차 가능, 테이크아웃, 예약, 좌석, 무료 주차장, 무료 야외 주차, 유아용 의자 있음, 휠체어 이용 가능, 주류 판매, 무료 와이파이, 신용카드 결제 가능, 테이블 서비스, 드라이브 스루, 해변, 가족형, 금연 음식점"
16,모디카,,"₩17,647 - ₩47,059","이탈리아 요리, 수프, 유럽 요리, 카페, 지중해 요리","채식 옵션, 채식주의 식단","점심식사, 저녁식사, 야간 영업, 음료","좌석, 주차 가능, 무료 주차장, 유아용 의자 있음, 주류 판매, 와인 및 맥주, 아메리칸 익스프레스, 마스터카드, 비자카드, 무료 와이파이, 디스커버 카드, 예약, 노상 주차, 테이블 서비스, 신용카드 결제 가능"
17,애월리안,,"₩17,647 - ₩41,176","해산물, 지중해 요리, 와인 바, 이탈리아 요리, 건강식",채식주의 식단,"점심식사, 저녁식사, 브런치, 음료","좌석, 주차 가능, 무료 주차장, 유아용 의자 있음, 주류 판매, 무료 와이파이, 신용카드 결제 가능, 테이블 서비스, 테이크아웃, 예약, 다양한 주류를 제공, 와인 및 맥주"
18,삼대 국수회관,,,"아시아 요리, 한국",,"아침식사, 점심식사, 저녁식사, 브런치","좌석, 테이블 서비스"
19,자매국수,,,"아시아 요리, 한국",,,
20,비원,,,"한국, 아시아 요리, 수프",,"점심식사, 저녁식사","휠체어 이용 가능, 예약, 좌석, 테이블 서비스"
21,삼성혈해물탕,,,"해산물, 아시아 요리, 한국",,저녁식사,테이블 서비스
22,리치망고,,,,,,테이크아웃
23,르 쉬느아,"세계적인 중식 셰프로 제주신화월드 중식 총괄셰프 알란 찬 웨이 룬(Alan Chan Wai Lun, 陳偉倫)이 30년 조리 노하우를 담아 낸 정통 중식의 진수를 르쉬느아에서 만나보세요. 르 쉬느아는 최상의 식재료를 이용하여 중국 본토의 맛을 선보일 뿐만 아니라, 웍에서 뿜어져 나오는 열기가 느껴지는 오픈 키친 앞에 서면 오감으로 식도락을 즐길 수 있습니다.","₩18,000 - ₩128,000","중국 요리, 아시아 요리",,"저녁식사, 점심식사, 음료","예약, 좌석, 테이크아웃, 프라이빗 다이닝, 주차 가능, 무료 주차장, 무료 야외 주차, 유아용 의자 있음, 휠체어 이용 가능, 주류 판매, 전자 결제, 무료 와이파이, 신용카드 결제 가능"
24,화로향,,,"바베큐, 아시아 요리, 한국",,"저녁식사, 점심식사","좌석, 테이블 서비스"
25,저팔계깡통연탄구이,,,"아시아 요리, 한국",,,예약
26,곰막,,,,,,
27,동복해녀식당,,,"해산물, 아시아 요리, 한국",,점심식사,주차 가능
28,Mt Everest Indian and Nepalese Restaurant,,"₩7,000 - ₩15,000","인도 요리, 티벳, 네팔, 아시아 요리",,"저녁식사, 점심식사","예약, 테이블 서비스, 좌석, 상품권 이용 가능"
29,산호 전복,,,"아시아 요리, 한국",,점심식사,좌석
30,은희네해장국,,,,,아침식사,"테이크아웃, 테이블 서비스"
31,국수마당,,,,,아침식사,
32,바당봉봉,,,,,,테이크아웃
33,하하호호,,,,,,
34,모래비카페,,,,,,
35,모닥식탁,,,,,,
36,일통이반,,,,,,
37,사랑분식,,,"아시아 요리, 한국",,,
38,김희선제주몸국,,,,,,
39,모리,,,,,,예약
40,늘봄 흙돼지,,,"바베큐, 한국, 아시아 요리",,"저녁식사, 점심식사","예약, 좌석, 주차 가능, 테이크아웃, 유아용 의자 있음, 휠체어 이용 가능, 테이블 서비스"
41,놀맨닷컴,,,"아시아 요리, 한국",,"점심식사, 저녁식사",
42,한림칼국수,,,,,,
43,코하쿠,,"₩44,705,880 - ₩235,294,112","일본 요리, 스시",,"점심식사, 저녁식사","예약, 프라이빗 다이닝, 좌석, 주차 가능, 무료 주차장, 주류 판매, 다양한 주류를 제공, 무료 와이파이, 신용카드 결제 가능, 무료 야외 주차, 와인 및 맥주, 전자 결제"
44,미친부엌,,,일본 요리,,,
45,면뽑는선생만두빚는아내,,,,,,
46,모이세 해장국,,,"아시아 요리, 한국",,,
47,미풍해장국,,,,,아침식사,
48,낭뜰에쉼팡,,,,,,
49,88돼지,,,"바베큐, 아시아 요리, 한국",,"저녁식사, 점심식사","테이블 서비스, 예약, 좌석"
50,유리네,,,"해산물, 아시아 요리, 한국",,저녁식사,예약
51,숙성도,,,"바베큐, 아시아 요리, 한국, 그릴",,,
52,버드나무집,,,,,,
53,다소니,,,"아시아 요리, 한국",,"점심식사, 저녁식사, 브런치, 음료","예약, 야외석, 프라이빗 다이닝, 주차 가능, 노상 주차, 마스터카드, 비자카드, 신용카드 결제 가능, 테이블 서비스, 가족형, 금연 음식점"
54,제주 보쌈,,,"아시아 요리, 한국",,"점심식사, 저녁식사","테이크아웃, 좌석, 테이블 서비스"
55,곱들락,,,,,,
56,닐모리동동,,,,,브런치,
57,칠돈가,,,,,,
58,서촌제,,,,,,
59,ZZZ제주흑돼지,,,"아시아 요리, 한국",,,
60,몽땅,,,카페,,,
61,덤장 중문점,,,,,,
62,수 우동,,,일본 요리,,,
63,삼무국수,,,,,"점심식사, 저녁식사",테이블 서비스
64,민경이네 어등포해녀촌,,,해산물,,,
65,해녀 횟집,,,"아시아 요리, 한국",,,
66,평대스낵,,,,,,
67,흑소랑,,,,,,
68,태광식당,,,,,,
69,라스또르따스,,,,,점심식사,테이크아웃
70,섬 소나이,,,퓨전,,,
71,황금손가락,,,,,,
72,라지마할,,"₩5,882 - ₩17,647","인도 요리, 아시아 요리","채식주의 식단, 할랄, 채식 옵션","저녁식사, 점심식사","테이크아웃, 좌석, 주류 판매, 예약, 테이블 서비스"
73,앤트러사이트,,,,,,테이크아웃
74,물항식당,,,"아시아 요리, 한국",,저녁식사,
75,아라파파,,,,,,
76,도두해녀의집,,,,,,
77,맥도날드,,,,,,테이크아웃
78,성미가든,,,,,,
79,Maguroshokudo,,,,,,
80,카페태희,,,"미국 요리, 영국 요리, 펍, 캐나다",,,
81,피자굽는돌하르방,,,,,,
82,칠돈가,,,,,,
83,신설오름,,,,,,
84,에이트,,,"카페, 자가 맥주 판매pub",,,
85,우도섬,,,,,,
86,더스푼,,,"이탈리아 요리, 카페, 해산물",,,테이블 서비스
87,교촌치킨,,,"패스트푸드, 아시아 요리, 한국",,,
88,도르 다이닝,,,"이탈리아 요리, 유럽 요리, 스페인 요리",,"점심식사, 저녁식사",
89,삼대전통고기국수,,,,,"아침식사, 점심식사, 저녁식사",
90,해녀촌,,,,,,
91,제주김만복 동문시장점,,,"아시아 요리, 한국",,"아침식사, 점심식사, 저녁식사",테이크아웃
92,대우정,,,,,,
93,티티카카,,,"카페, 한국",,,
94,톰톰카레,,,,,,
95,다가미,,,,,,
96,피어22,,,"해산물, 스페인 요리, 아시아 요리, 한국, 펍",,,
97,제주 김만복,,"₩6,500 - ₩15,000","아시아 요리, 한국, 길거리 음식, 다이너",,"아침식사, 점심식사, 저녁식사, 음료","배달, 테이크아웃, 예약, 좌석, 주차 가능, 무료 주차장, 신용카드 결제 가능, 금연 음식점"
98,리치망고,,,,,,테이크아웃
99,풍원,,,,,,
100,나목도식당,,,"아시아 요리, 한국",,,
101,망고홀릭,,,,,,
102,진아떡집,,,,,,
103,명리동식당,,,,,,
104,서울분식,,,,,,
105,재연식당,,,,,,
106,And Yu Cafe,,₩6 - ₩12,"카페, 인터내셔널, 아시아 요리, 한국, 영국 요리, 건강식",,"아침식사, 점심식사, 저녁식사, 브런치","좌석, 노상 주차, 유아용 의자 있음, 무료 와이파이, 신용카드 결제 가능"
107,상춘재,,,,,,
108,잠녀 해녀촌,,,"아시아 요리, 한국",,,
109,돈사돈 별관,,,,,,
110,평대성게국수,,,"해산물, 아시아 요리, 한국",,,
111,템플스테이푸드,집밥처럼 편안한 제주 사찰음식점 [템플스테이푸드] *무오신채를 고집합니다.[마늘/파/양파/부추/달래/흥건을 사용하지 않습니다] *육류/어류/젓갈류를 사용하지 않습니다. *인공조미료를 사용하지 않습니다. *모든 주요식재료는 국내산/제주산으로 조리합니다. *모든 음식 조리시 수돗물이 아닌 정수물로 조리합니다.,"₩10,000 - ₩15,000","아시아 요리, 한국","채식주의 식단, 채식 옵션","점심식사, 저녁식사","테이크아웃, 야외석, 좌석, 주차 가능, 노상 주차, 무료 주차장, 무료 야외 주차, 아메리칸 익스프레스, 마스터카드, 비자카드, 전자 결제, 무료 와이파이, 디스커버 카드"
112,매기의 추억,,,,,,
113,돈사촌,,,,,,
114,송림반점,,,,,,
115,장수물식당,,,,,,
116,무거버거,,,"아시아 요리, 한국",,,
117,이스트엔드,,,,,,
118,협재1번가 술집밥집,,,"아시아 요리, 한국, 펍, 퓨전, 개스트로펍",,저녁식사,
119,투썸플레이스,,,,,,
120,바람벽에흰당나귀,,,,,,
121,돌하르방식당,,,"아시아 요리, 한국",,,
122,카페베네 제주점,,,카페,,,
123,물메골,,,,,,
124,큰갯물횟집,,,"해산물, 아시아 요리, 한국",,,
125,해녀잠수촌,,,,,,
126,카페세바,,,,,,
127,만복 횟집,,,"해산물, 아시아 요리, 한국",,,
128,맛나식당,,,,,,
129,요술식탁,"‘요술식탁‘은 ’요리와 술이 있는 맛있는 식탁‘이라는 뜻으로 제주시를 중심으로 동쪽 월정리 해안가에 위치해 있으며 식사와 디저트, 차와 음료를 한꺼번에 즐기실 수 있는 멀티 레스토랑입니다. 대표 식사 메뉴로는 최상급 제주 청정 한우를 사용해 육질이 일품인 ‘제주 한우 수비드 스테이크 플랫’과 수비드 조리하여 촉촉해진 닭가슴살과 이탈리아식 카포나타 샐러드를 곁들여 드실 수 있는 ‘닭가슴살 수비드 플랫’이 있습니다. 각 플랫은 1인 메뉴이며 한라봉 드레싱 샐러드, 매시포테이토, 에그 베네딕트, 구좌 당근 수프, 삼색 찬이 함께 제공됩니다. 세트 메뉴 선택하시면 이탈리아 정통 케이크 ‘수제 티라미수’와 함께 드실 수 있습니다. 요술식탁에서는 전문 바리스타가 선사하는 플랫화이트, 카페라떼, 아메리카노, 아인슈패너 등 다양한 커피를 맛보실 수 있습니다. 또한 제주 특산품 한라봉과 영귤을 이용한 ‘한라봉 에이드’, ‘영귤 에이드’와(Tea로도 가능) 구좌읍에서 직접 생산한 당근을 그대로 갈아 넣은 ‘구좌 당근주스’ 등 다양한 음료도 즐기실 수 있습니다.","₩16,000 - ₩21,000","프랑스 요리, 일본 요리, 아시아 요리, 한국, 퓨전",,"음료, 점심식사, 저녁식사","야외석, 좌석, 주차 가능, 노상 주차, 무료 주차장, 주류 판매, 다양한 주류를 제공, 와인 및 맥주, 무료 와이파이, 신용카드 결제 가능"
130,씨카페,,"₩33,000 - ₩80,000","이탈리아 요리, 중국 요리, 일본 요리, 아시아 요리, 한국, 퓨전",,"아침식사, 점심식사, 저녁식사",
131,황금어장,,,한국,,,
132,이런날엔,"월정리와 평대리 사이에 위치한 구좌 한동리의 바닷가 카페&레스토랑 이런날엔에서는 조선호텔 15년 경력의 쉐프가 조리하는 최상의 음식을 멋진 제주한동바다를 감상하며 즐길 수 있습니다. 계절인기메뉴인 파인애플빙수와 에이드,스무디,매일만드는 케잌등디저트류와 함께 전세계호텔에서 가장많이 사용하는 네스프레소 커피머신으로 최상의 커피를 제공하는 등 다양한 카페메뉴도 야외테라스에서 즐길 수 있습니다.","₩5,000 - ₩30,000","이탈리아 요리, 피자, 카페, 아시아 요리, 한국",,"점심식사, 저녁식사",
133,화진전복,,,,,,
134,유메,,,일본 요리,,"점심식사, 저녁식사",
135,이춘옥원조고등어쌈밥,,,,,,
136,순옥이네명가,,,,,,
137,제주해물밥,,,,,,
138,은혜전복,,,"아시아 요리, 한국",,,
139,충민정,,,"아시아 요리, 한국",,,
140,제주올레냉면 - 제주점,,,한국,,"점심식사, 저녁식사",
141,제주돗,,,,,,
142,돔배돈,,,"바베큐, 아시아 요리, 한국",,"점심식사, 저녁식사","좌석, 주류 판매, 테이블 서비스"
143,애월식탁,제주 바다를 품고 애월 한담에 위치한 애월식탁 입니다. 비치색의 바다가 한눈에 보이는 2층 테라스에 앉아 미슐랭 출신 쉐프들이 차려주는 식탁을 즐겨보세요. 셰프들이 직접 제주도를 돌아다니며 좋은 식재료와 사라져가는 식재료를 가지고 와서 요리합니다. B급 농작물을 활용하여 새로운 메뉴를 만들어 농가에게도 서로 상생하려는 다양한 활동을 하고 있습니다.,"₩10,000 - ₩28,000","이탈리아 요리, 사우스웨스턴, 아시아 요리, 한국",,"점심식사, 저녁식사, 음료","야외석, 좌석, 주차 가능, 무료 주차장, 유아용 의자 있음, 주류 판매, 다양한 주류를 제공, 무료 와이파이, 신용카드 결제 가능, 테이블 서비스, 해변, 가족형, 금연 음식점"
144,어우늘,,,"아시아 요리, 한국",,,
145,자파타스,,,,,,
146,마라도횟집,,,,,,
147,미미 이자카야,,,일본 요리,,,
148,교래손칼국수,,,,,,
149,국수 장터,,,,,,
150,명리동 식당,,,바베큐,,,
151,웃뜨르 우리돼지,,,"아시아 요리, 한국",,,
152,올댓제주,,,,,,
153,테우,,,,,,
154,제원삼계탕,,,,,,
155,어머니빵집,,,,,,테이크아웃
156,국수만찬,,,,,,
157,수제협재돈가스,,,"아시아 요리, 한국",,"점심식사, 저녁식사",
158,심야식당 코나카,,,"일본 요리, 해산물, 스시",,,
159,골막식당,,,"아시아 요리, 한국",,,
160,망고레이,,,,,,
161,토끼와거북이,,,,,,
162,커핀그루나루,,,,,,
163,ROOSTPLACE,,,,,,
164,마를린먼로,,,카페,,,
165,어마장장,,,,,,
166,바오밥 신제주점,,,"미국 요리, 바, 피자, 펍",,저녁식사,
167,제주몬트락 제주본점,,,"아시아 요리, 한국",,,
168,로맨틱 하드보일드,,"₩8,000 - ₩32,000","이탈리아 요리, 자가 맥주 판매pub, 카페, 펍, 와인 바",,,
169,후거키친,,,,,,
170,잠녀해녀촌,,,,,,
171,보영반점,,,중국 요리,,,
172,세이슌,,,일본 요리,,,
173,앞뱅디식당,,,,,,
174,메종드쁘티푸르,,,,,,
175,카페8,전면 유리창을 통해 야외 풀데크를 바라볼 수 있는 카페 8 은 따사로운 제주 햇살의 온기를 느낄 수 있습니다. 편안하고 세련된 분위기의 공간에서 신선한 제주의 식재료를 이용한 이탈리안 플레이트를 즐겨보세요.,"₩30,000 - ₩200,000","이탈리아 요리, 피자, 유럽 요리",,"아침식사, 점심식사, 저녁식사",
176,프로젝트 064 다방,,,이탈리아 요리,,,
177,신의한모,,,아시아 요리,,,
178,김서방재첩해장국,,,,,,
179,맘스터치,,,,,,
180,은희네해장국,,,,,,
181,교래흑돼지,,,,,,
182,달사막,,,"자가 맥주 판매pub, 펍",,,
183,요리하는 목수,,,"아시아 요리, 한국",,"점심식사, 저녁식사",
184,팟타이만,,,타이 요리,,,
185,초우식당,,,한국,,,
186,용담골,,,"아시아 요리, 한국",,,
187,커피파인더,,,,,,
188,고래가될카페,,,,,,
189,제주시 새우리,,,한국,,,
190,제주 애월 요망진도세기,아름답기로 유명한 제주 애월에서 좋은 사람들과 맛있기로 소문난 흑돼지를 드셔보십시요. 여행의 재미가 더욱 깊어질것입니다. 신선하고 맛있는 음식을 준비하고 있겠습니다.,"₩8,000 - ₩18,000","바베큐, 한국",,저녁식사,
191,하노이안브라더스,,,,,,
192,종달수다뜰,,,,,,
193,고객식당,,,,,,
194,산지물,,,"아시아 요리, 한국",,,
195,춘심이네2,,,,,,
196,부농,,,,,,
197,까미노,,,카페,,,
198,저스트쉬림프,"아름다운 석양을 만날 수 있는 테라스 10 미터 거리의 해녀를 만날 수 있는 고즈넉한 바다. 공항에서 서쪽으로 15분이면 꿈에 그리던 제주바다와 멋진 레스토랑을 만날 수 있어요. 세계를 여행하던 여행자들이 친절한 서빙과 대화를 나눠 보세요. 제주 특산품인 딱새우의 새우와 오징어, 랍스터의 다양한 맛을 경험해 보세요.","₩11,765 - ₩58,824","피자, 와인 바",,,
199,불도야지,,,"아시아 요리, 한국, 중국 요리",,저녁식사,
200,파리바게뜨,,,,,,
201,늘봄흑돼지,,,,,,
202,올랭이와물꾸럭,,,,,,
203,삼대 국수회관 노형점,,,"아시아 요리, 한국",,,
204,해오름식당,,,"아시아 요리, 한국",,,
205,서문뒷고기,,,,,,
206,천해천,"100가지의 골라먹는 재미가 있는 샤브샤브 뷔페 제주에서 유일하게 무제한으로 하겐다즈를 먹을 수 있고, 스타벅스 커피를 마시며 소모임 장소로 제격인 곳 규모 -1층은 가족과 연인 4~6인용 위주 1st floor: available for 1~6 people -2층은 12인석~50인석 소모임과 단체석 위주 2nd floor: mostly available for group of more than 12 people. 영업시간 business hours weekdays -lunch: 11:00~15:00 -dinner: 17:00~22:00 weekend -11:00~22:00","₩9,411,765 - ₩40,000,000","중국 요리, 일본 요리, 아시아 요리, 타이 요리, 한국, 말레이시아",,"점심식사, 저녁식사, 브런치","좌석, 주차 가능, 무료 주차장, 무료 야외 주차, 유아용 의자 있음, 주류 판매, 다양한 주류를 제공, 와인 및 맥주, 전자 결제, 무료 와이파이"
207,덕인당보리빵,,,,,,
208,숙이네보리빵,,,,,,
209,꿈꾸는흰당나귀,,,,,,
210,해녀식당,,,,,,
211,선흘곶,,,,,,
212,하르방밀면,,,,,,
213,아라돼지,,,,,,
214,오거리식당,,,,,,
215,도남오거리식당,,,"아시아 요리, 한국",,,
216,BHC치킨,,,,,,
217,어매흑돼지,,,,,,
218,오쿠다,,,"아시아 요리, 한국",,"점심식사, 저녁식사",
219,교래향,,,,,"아침식사, 점심식사, 저녁식사",
220,미원해장국,,,,,,
221,하도작은식당,,,"이탈리아 요리, 프랑스 요리",,"점심식사, 저녁식사",
222,은희네해장국,,,,,,
223,망고레이,,,,,,
224,CoCoMAMA,,,,,"아침식사, 점심식사, 저녁식사",
225,돈풍년,,,,,,
226,코코분식,,,,,,
227,윗세오름,,,,,,
228,고래배꼽,,,,,,
229,성산회관,,,"이탈리아 요리, 아시아 요리, 한국",,"점심식사, 저녁식사",
230,요리하는남자,,,,,,
231,맥도날드,,,,,,
232,그마니네,,,,,,
233,용연횟집,,,"해산물, 아시아 요리, 한국",,,
234,추자본섬,,,,,"점심식사, 저녁식사","테이크아웃, 예약, 좌석, 주차 가능, 노상 주차, 무료 주차장, 휠체어 이용 가능, 주류 판매, 다양한 주류를 제공, 아메리칸 익스프레스, 마스터카드, 비자카드, 전자 결제, 무료 와이파이, 신용카드 결제 가능, 테이블 서비스, 가족형, 상품권 이용 가능"
235,우정횟집,,,,,,
236,제라한 보쌈,,,"아시아 요리, 한국",,,
237,신해바라기분식,,,,,,
238,아웃백 제주점,,,스테이크하우스,,저녁식사,
239,흑돼지가있는풍경,,,,,,
240,유빈,,,"아시아 요리, 한국",,,
241,곽지국시,,,,,,
242,맘스터치,,,,,,
243,미엘드세화,,,,,,
244,청해림,,,,,,
245,애슐리 롯데마트점,,,,,,
246,호돌이식당,,,,,,
247,오래옥식당,,,,,,
248,닻,,,"아시아 요리, 한국",,,
249,산방식당,,,,,,
250,국수사랑,,,,,,
251,쿠우쿠우 제주시청점,,,"아시아 요리, 한국",,,
252,삼대국수회관 신제주점,,,,,,
253,청도해물탕,,,,,,
254,백선횟집,,,,,,
255,아일랜드팩토리,,,,,,
256,고불락,,,,,,
257,세러데이아일랜드,,,이탈리아 요리,,,
258,아루요,,,,,,
259,효섬마을초가집,,,,,,
260,서울식당,,,,,,
261,해와달그리고섬,,,,,,
262,사려니숲길화덕피자,,,,,,
263,탐앤탐스,,,,,,
264,카카듀카페,,,,,,
265,덤장,,,"해산물, 아시아 요리, 한국",,,
266,제주KAL호텔프리미엄뷔페,,,,,,
267,산지해장국,,,,,,
268,커피콩,,,,,,
269,해광식당,,,,,,
270,카페예그리나,,,,,,
271,태백산,,,,,,
272,월정리갈비밥,,,"바베큐, 아시아 요리, 한국",,,
273,제주마당,,,,,,
274,모살,,,,,,
275,오름위에,,,,,,
276,춘심이네3,,,,,,
277,곰막,,,,,,
278,오병장,,,"아시아 요리, 한국",,,
279,풍전,,,,,,
280,오현돼지불백,,,,,,
281,황금무지개초밥,,,,,,
282,홍소반,,,,,,
283,맛있는폴부엌,,,,,,
284,뼈대감,,,,,,
285,투썸플레이스,,,,,,
286,루스트플레이스 시청점,,,,,,
287,젠레스토랑,,,,,,
288,광치기흑돼지정육식당,,,"바베큐, 아시아 요리, 한국",,,
289,삼다도횟집,,,,,,
290,야자수식당,,,,,,
291,제스피,,,,,저녁식사,
292,제주정지,,,,,,
293,바다속고등어쌈밥,,,,,,
294,큐티파이 카페,,,"카페, 퓨전",,,
295,BBQ치킨,,,,,,
296,생이소리,,,,,,
297,남춘식당,,,,,,
298,제주한면가,,,한국,,,
299,카페베네,,,,,,
300,북촌9길빵,,,,,,
301,잇수다,,,,,,
302,죽이야기 제주한국병원점,,,"아시아 요리, 한국",,,
303,삼일식당,,,"아시아 요리, 한국",,,
304,설심당,,,,,,
305,인판포카페,,,"미국 요리, 남미 요리",,"아침식사, 점심식사, 저녁식사",
306,모드락,,,,,,
307,곤밥보리밥,,,,,,
308,만조이천쌀밥,,,,,,
309,제주한라국수,,,"아시아 요리, 한국",,,
310,사형제 횟집,,,"해산물, 아시아 요리, 한국",,,
311,비바리짬뽕,,,,,,
312,테왁,,,,,,
313,아일랜드조르바,,,,,,
314,착한튀김,,,,,,
315,백성원해장국,,,,,,
316,저지오름국수,,,,,,
317,도갈비,,,"아시아 요리, 한국",,저녁식사,
318,대풍미락,,,,,,
319,스시우다,,,"일본 요리, 인터내셔널",,,
320,카페베네 제주시청점,,,카페,,저녁식사,
321,먹물먹은흑돼지,,,,,,
322,BBQ치킨,,,,,,
323,7번가피자,,,,,,
324,숨비소리횟집,,,,,,
325,바다를달리는자전거,,,,,,
326,보엠,,,,,,
327,VIPS,,,,,,
328,월정어촌계,,,,,,
329,협재삼춘네횟집,,,,,,
330,순이네식당,,,,,,
331,봉플라봉뱅,,,"이탈리아 요리, 프랑스 요리, 유럽 요리, 다이너, 와인 바",,,
332,돈사촌,,,,,,
333,BHC치킨,,,,,,
334,우도로93,,,"일본 요리, 아시아 요리, 한국, 퓨전",,점심식사,
335,친구테이블,,,,,,
336,고집78,,,"바베큐, 아시아 요리, 한국",,,
337,키친그듸,제주의 맛을 담은 정갈한 가정식 키친그듸 입니다. 제주산 제철재료로 반찬을 하고 신선한 재료로 요리합니다. 돔베고기 갈치조림 전복물회 해물뚝배기 게우볶음밥 제주산생물고등어조림 모두 인기메뉴입니다. 사계절내내 살얼음 가득한 전복물회와 돔베고기 드시러 오세요^^ 베이베체어 베이비식기 주차장 완비 전기차 충전기있습니다.,"₩10,000 - ₩12,000","아시아 요리, 한국, 퓨전",,,
338,섬마을청년회관,,"₩10,000 - ₩15,000","이탈리아 요리, 미국 요리, 유럽 요리, 아시아 요리",,"브런치, 음료, 아침식사, 점심식사","테이크아웃, 예약, 무료 와이파이"
339,돈향기,,,,,,
340,땅땅치킨 연동점,,,,,,
341,흑본오겹,,,"아시아 요리, 한국",,,
342,돈사무소,,,"아시아 요리, 한국, 그릴",,,
343,듬돌,,,,,,
344,한림바다체험마을,,,,,,
345,김가네 노형점,,,"아시아 요리, 한국",,,
346,쇼디치카페,,,,,,
347,버거307 - 협재점,,,"미국 요리, 패스트푸드, 인터내셔널, 그릴, 길거리 음식",,,
348,숨어있는집,,,"아시아 요리, 한국",,,
349,러빙헛 제주,,,"아시아 요리, 한국",,,
350,어애랑,,,,,,
351,바당지기,,,"아시아 요리, 한국",,,
352,티엔비비스트로,,,,,,
353,소라횟집,,,,,,
354,얌얌돈까스,,,,,,
355,천금반점,,,,,,
356,고로케야,,,,,,
357,제주대어,,"₩50,000 - ₩178,000","일본 요리, 해산물, 스시, 아시아 요리, 한국, 수프",,"아침식사, 점심식사, 저녁식사","예약, 주차 가능, 무료 주차장, 무료 야외 주차, 휠체어 이용 가능, 주류 판매, 전자 결제, 무료 와이파이, 신용카드 결제 가능"
358,양가형제,,,"미국 요리, 패스트푸드, 퓨전",,,
359,로뎀가든,,,,,,
360,수목원삼계탕,,,,,,
361,맛고을명가,,,,,,
362,오크라,수제돈까스 전문점 주인이 종업원없이 혼자하는곳으로 건강을 생각하며 요리하는곳. 메뉴는 수제돈까스하나. 돼지고기는 제주산을쓰며 돈까스 주문시 샐러드가 나온다. 샐러드 드레싱 카놀라유 튀김기름.식수등 곁들이는 김치까지 직접담그는곳 영업은 1층에서만 하면 매장은 아담한편으로 아기자기하고 빈티지한 소품들로 꾸며져있다 종업원없이 혼자하기떄문에 식사대기시간이 길수있으며 준비한재료가 다떨어지면 영업을완료한다.,"₩9,900 - ₩10,000",,,,
363,흑돼지촌,,,,,,
364,컴플리트,,,,,,
365,순정문어,,,,,,
366,하나로국밥,,,,,,
367,도다모,,,"이탈리아 요리, 일본 요리",,,
368,애월리에,,,"이탈리아 요리, 아시아 요리, 한국, 그릴, 퓨전, 다이너",,,
369,소드래,,,,,,
370,협재만섬식당,,,,,,
371,덕승식당,,,,,,
372,1950하우스,,,,,,
373,맘스터치,,,,,,
374,코리아식당,,,,,,
375,갱이네보말칼국수,,,,,,
376,명랑식당,,,,,,
377,백번가든,,,,,,
378,제갈양,,,,,,
379,청해야횟집,,,,,,
380,제원칼집,,,,,,
381,제주포도원흑돼지,,,,,,
382,고전떡볶이,,,,,,
383,엠츄로,,,,,,
384,어디가코,,,,,,
385,아란 9길,,,"지중해 요리, 스페인 요리, 펍, 개스트로펍",,,
386,까페 아꼬떼,,,카페,,,
387,생돈우리,,,,,"점심식사, 저녁식사",
388,하루E수다,,,,,,
389,르에스까르고,,,,,,
390,체면,"명품한우 vs 프리미엄 와규(흑우)를 개인화로로 즐기실수 있습니다. 소고기직화구이와 궁합이 잘맞는 향신료씨즈닝. 소고기를 극대화 할수있는 생와사비, 머스타드홀그레인이 함께 제공됩니다. 그밖에 아시아특화요리로써 특색있는 면요리와 특선요리를 선별하여, 메뉴 고유의 특성을 해치지 않는 범위 안에서 한국인 입맛에 맞게 순화및 구성하였습니다. 항상 떳떳한 음식을 만들어 제공할수 있도록 노력하겠습니다 .",₩8 - ₩17,"중국 요리, 일본 요리, 아시아 요리, 그릴, 퓨전",,,"테이크아웃, 예약, 야외석, 좌석, 주차 가능, 노상 주차, 무료 주차장, 텔레비전, 휠체어 이용 가능, 주류 판매, 다양한 주류를 제공, 와인 및 맥주, 마스터카드, 비자카드, 무료 와이파이"
391,탑부평식당,,,,,,
392,고망딱새,,,,,,
393,롯데리아 제주공항,,,,,,
394,한질동네,,,,,,
395,솔지식당,,,,,,
396,오누이 회국수&전복돌솥밥,,,"해산물, 아시아 요리, 한국",,,
397,꿈에그린레스토랑,,,,,,
398,라마네 의식주,,,베트남 요리,,,
399,또바기,,,,,,
400,한푼리횟집,,,,,,
401,닥마루가든,,,,,,
402,배롱개,,,,,,
403,제니의정원,,,,,,
404,모이세해장국,,,,,,
405,하도댁흑돼지두루치기,,,,,,
406,복뜰,,,,,,
407,이가전복,,,,,,
408,부엌인세화,,,,,,
409,쉴만한물가,,,,,,
410,영천횟집,,,,,,
411,한스델리,,,,,,
412,별방길쉼터,,,"해산물, 아시아 요리, 한국",,,
413,바당지기식당,,,,,,
414,솔향,,,,,,
415,대금식당,,,,,,
416,보스코화덕피자,,,,,"점심식사, 저녁식사",
417,바다회국수,,,,,,
418,대원가,,,,,,
419,아궁이연탄집,,,,,,
420,황부자왕통갈비,,,,,,
421,별미해장국,,,,,,
422,한라생돈,,,,,,
423,사라오름,,,,,,
424,예소담,,,,,,
425,동도원,,,,,,
426,모살물,,,,,,
427,금복촌,,,,,,
428,오는정,,,,,,
429,섬소나이,,,,,,
430,두루두루,,,,,,
431,어부지리,,,,,,
432,부지깽이,,,,,,
433,제주김만복 - 애월점,,,"아시아 요리, 한국",,"점심식사, 저녁식사",
434,Bada Janchi,,,,,"아침식사, 점심식사, 저녁식사",
435,Yellow Cafe,,,카페,,"아침식사, 점심식사, 저녁식사",
436,공차,,,,,,
437,뚜레쥬르,,,,,,
438,다시버시,,,"아시아 요리, 한국",,,
439,대문집생선조림,,,,,,
440,순희밥상,,,,,,
441,베스킨라빈스31,,,,,,
442,가래콩물,,,,,,
443,엉클통김밥,,,,,,
444,국수마씸,,,,,,
445,엉덩물물회,,,,,,
446,남해횟집,,,,,,
447,선흘방주할머니식당,,,"아시아 요리, 한국",,,
448,종달리엔엄마식당,,,"일본 요리, 아시아 요리, 한국",,,
449,하루하나,,,,,,
450,제주이야기,,,,,,
451,오션횟집,,,,,,
452,던킨도너츠,,,,,,
453,대굴대굴굴구이,,,,,,
454,진영식당,,,,,,
455,카페베네 제주공항점,,,카페,,,
456,미스터피자,,,,,,
457,애월튀김간,,,,,,
458,종달해녀의집,,,,,,
459,테이스트 제주,,"₩4,706 - ₩17,647","펍, 유럽 요리, 헝가리",채식주의 식단,"점심식사, 저녁식사, 브런치, 음료","테이크아웃, 예약, 야외석, 좌석, 주차 가능, 노상 주차, 무료 야외 주차, 텔레비전, 주류 판매, 다양한 주류를 제공, 와인 및 맥주, 아메리칸 익스프레스, 마스터카드, 비자카드, 전자 결제, 무료 와이파이, 디스커버 카드, 휠체어 이용 가능, 신용카드 결제 가능"
460,버거킹 신제주이마트점,,,,,,
461,함흥면옥,,,,,,
462,진진,,,,,,
463,누룽지식당,,,,,,
464,어멍,,,,,,
465,바다는안보여요,,,,,,
466,짱구분식,,,,,,
467,어매흑돼지,,,,,,
468,해월정,,,,,,
469,이노우에스시,,,,,,
470,아방카페,,,,,,
471,제주할망오메기떡,,,,,,
472,이어도,,,,,,
473,미르오메기떡,,,,,,
474,낭푼밥상,,,,,"점심식사, 저녁식사",
475,만세국수,,,,,,
476,코코찌봉,,,바베큐,,,
477,엔제리너스,,,,,,
478,푸주옥,,,,,,
479,제주깍두기,,,,,,
480,축산삼다가,,,,,,
481,갤러리카페,,,,,,
482,순옥이네해산물,,,,,,
483,집나간왕새우바람난조개구이,,,,,,
484,뜰채횟집,,,,,,
485,대돈,,,"아시아 요리, 한국",,,
486,한라축산정육식당,,,"아시아 요리, 한국",,,
487,한라산도야지,,,,,,
488,홍돈,,,,,,
489,정치망 횟집,,,,,,
490,카페 다금바리스타,,,카페,,,
491,곶감식당,,,"아시아 요리, 한국",,,
492,슬슬슬로우,,"₩5,000 - ₩30,000",,,,
493,노형맛김밥,,,,,,
494,선흘방주할머니식당,,,,,"점심식사, 저녁식사",
495,비테비테,,,,,,
496,피자클래스,,,,,,
497,스테이크 하우스,제주의 높은 하늘 속에서 환상적인 전망과 함께 로맨틱한 식사를 만끽하세요. 신선한 해산물과 최고급 소고기를 자랑하는 스테이크 하우스에서 고급 와인과의 풍미로운 페어링을 경험해보시고 정성이 깃든 디저트 한 조각까지 놓치지 마세요. 특별한 날을 기념하기에 완벽한 공간입니다.,"₩50,000 - ₩250,000","스테이크하우스, 해산물, 인터내셔널, 그릴, 와인 바",,"점심식사, 저녁식사",
498,현가네해장국뼈감탕,,,,,"점심식사, 저녁식사",
499,윤가정식,,,,,,
500,유코식당,"유코 식당에서는 월정리의 아름다운 해변 뷰와 함께 싱싱한 숙성 연어회와 맛있는 식사, 안주와 술을 즐기실 수 있어요 :) 또한 월정리에서 유일하게 저녁6시부터 손님이 원하시는 시간까지 심야식당을 운영하고 있습니다(보통 새벽 1-2시에 마감해요). 혼자 오셔도 편하고 즐거운 시간을, 제주도를 방문하시는 손님들께는 소소한 여행의 추억을 만들어 드리는 것이 주인장의 신념이에요^^ 매달 진행하는 와인 이벤트 등 다양한 이벤트도 준비되어 있으니 아래의 인스타그램 주소를 팔로우 하셔서 최신 뉴스도 받아보시기 바랍니다. ^^ *공식 인스타그램 - http://www.instagram.com/yukosigdang_official","₩10,000 - ₩20,000","일본 요리, 유럽 요리, 아시아 요리, 한국, 펍, 와인 바",,저녁식사,
501,삼대국수회관,,,,,,
502,해오름정육식당,,,,,,
503,카페베네 제주국기로점,,,카페,,,
504,선진횟집,,,,,,
505,종로3가감자탕,,,,,,
506,천궁 횟집,,,일본 요리,,,
507,홋카이도,,,일본 요리,,"점심식사, 저녁식사",
508,맵찜,,,,,"점심식사, 저녁식사",
509,동문식당,,,,,,
510,크루아창타이,,,,,,
511,종가전복,,,"아시아 요리, 한국",,,
512,동경구락부,,,,,,
513,산지로식당,,,"해산물, 아시아 요리, 한국",,,
514,아라찐빵,,,,,,
515,샤라의 정원,,,퓨전,,,
516,UFO까페앤레스토랑,,,바,,"점심식사, 저녁식사",
517,웨알프맥주집,,,"일본 요리, 카리브해 요리, 펍, 퓨전, 자메이카, 일본식 퓨전",,저녁식사,
518,연정식당,,,,,,
519,딤섬9898,,,,,,
520,하임지칼국수,,,,,,
521,바바오럼,,,카페,,"점심식사, 저녁식사",
522,벵디,,,,,,
523,뚱딴지,,,,,,
524,문개항아리,,,,,,
525,Taco Massim,,,멕시코 요리,,,
526,초원흑돼지,,,,,,
527,갯것이식당,,,,,,
528,김명자굴국밥,,,,,,
529,오짜장,,,,,,
530,모리벤,,,,,,
531,협재온다정,,,"해산물, 아시아 요리, 한국",,,
532,제주 아살람레스토랑,,,"지중해 요리, 바베큐, 터키, 중동 요리, 이집트, 아랍어",,"점심식사, 저녁식사",
533,Saebil,,,"카페, 아시아 요리, 한국",,,
534,맘스터치,,,,,,
535,파리바게뜨,,,,,,
536,삼미횟집,,,,,,
537,제주바닷가의 나루터,,,스시,,,
538,도두반점,,,,,,
539,만세국수전문점,,,,,,
540,곤밥2,,,"아시아 요리, 한국, 건강식",,"점심식사, 저녁식사",
541,24시국수회관,,,,,,
542,제주 해상공원,,,,,"점심식사, 저녁식사",
543,기쁨이네 감자탕,"감자탕, 해물탕, 뼈해장국, 콩나물해장국, 전복뚝배기, 해물뚝배기 등 많은 음식을 판매하고 있습니다.","₩7,000 - ₩17,000","아시아 요리, 한국, 수프",,,
544,김밥김여사네,,,,,,
545,제주맑음,,,,,,
546,하늘본닭,,,,,,
547,협재오늘,,,,,,
548,리치망고,,,,,,
549,빨간집닭발,,,,,,
550,국수나무,,,,,,
551,아침하늘,,,,,,
552,어장군,,,,,,
553,고추냉이 식당,,,"일본 요리, 카페, 아시아 요리, 한국, 다이너",,"아침식사, 점심식사",
554,킴스커틀릿,,,,,,
555,부산아지매,,,,,,
556,롯데리아,,,,,,
557,바다잔치,,,,,,
558,올레파이,,,,,,
559,만민식당,,,"아시아 요리, 한국",,,
560,어부안씨,,,,,,
561,더 크리스피,,,,,,
562,하르방보쌈,,,,,,
563,담아래 - 본점,,,"아시아 요리, 한국",,,
564,투 아일랜드,,,"패스트푸드, 아시아 요리, 한국, 펍",,"점심식사, 저녁식사",
565,흑돈촌,,,,,,
566,평대해녀촌,,,,,,
567,돈지정가든,,,,,,
568,종달리엔,,,"아시아 요리, 한국",,,
569,드롭탑,,,,,,
570,연동한우,,,,,,
571,어머니빵집,,,,,,
572,호근동,,,,,,
573,카페두다트,,,,,,
574,라포레사려니,,,,,,
575,구좌지앵,,,"이탈리아 요리, 유럽 요리, 오스트레일리아",,"점심식사, 저녁식사",
576,오르다 라운지,,,"바, 카페, 아시아 요리, 한국, 펍",,,
577,성배네아강발,,,,,,
578,순풍해장국,,,,,,
579,낭뿌리식당,,,"아시아 요리, 한국",,,
580,삼번지횟집,,,,,,
581,스나쿠타카,,,"일본 요리, 아시아 요리, 한국, 펍, 일본식 퓨전",,,
582,범양식당,,,,,,
583,착한집,,,"해산물, 아시아 요리, 한국",,"점심식사, 저녁식사",
584,이운 소나이국수,,,"아시아 요리, 한국",,,
585,비올레,,,,,,
586,표선수산마트,,,스시,,,
587,돌미롱,,,,,,
588,알이즈웰,,,,,,
589,카페100프로,,,,,,
590,핀란드,,,,,,
591,용궁라면,,,,,,
592,피자원,,,,,,
593,양자강,,,,,,
594,뜨레비양,,,,,,
595,협재떡방아,,,,,,
596,협재회관,,,,,,
597,만섬휴게소,,,,,,
598,푸짐한밥상,,,,,,
599,머물다,,,,,,
600,한솥도시락,,,,,,
601,잉꼬식당,,,,,,
602,낭만오름,,,,,,
603,검은쇠 몰고오는,,,,,,
604,제주몸국,,,,,,
605,카페와이키키,,,,,,
606,구이락,,,,,,
607,모니카,,,,,,
608,카도,,,,,,
609,논짓물,,,,,,
610,성공식당,,,,,,
611,우리네식당,,,,,,
612,서부두해변,,,,,,
613,대궁숯불갈비,,,,,,
614,후카후카,,,일본 요리,,,
615,스푼더마켓,,,,,,
616,대기야놀자,,,,,,
617,제주축협한우프라자,,,,,,
618,매우릉쭈꾸미,,,"아시아 요리, 한국",,,
619,파라바베큐,,,,,,
620,ROUTE34,,,,,,
621,온오프,,,카페,,,
622,마로네디저트,,,"카페, 아시아 요리, 한국",,"점심식사, 저녁식사",
623,브와두스베이커리카페,,,,,,
624,꿈낭밥집,,,"아시아 요리, 한국",,,
625,시골길,,,,,,
626,광령식당,,,,,,
627,삼미횟집,,,,,,
628,제주바베큐하우스,,,,,,
629,오렌지 트리 카페,,,카페,,,
630,세검정숯불갈비,,,,,,
631,미나리식당,,,,,,
632,사랑분식,,,,,,
633,달마숯불갈비,,,,,,
634,협재돗마담부엌,,,"해산물, 아시아 요리, 한국, 퓨전",,,
635,홍열이네,,,,,,
636,김선생,,,,,,
637,아침바다,,,,,,
638,숲애,,,,,,
639,초록펍,,,"바, 아시아 요리, 한국, 펍, 퓨전",,,
640,제주설심당,,,,,,
641,유명식당,,,,,,
642,남또리자연산활어회,,,,,,
643,비자향,,,,,,
644,감초식당,,,,,,
645,한림해촌,,,,,,
646,일도국수,,,,,,
647,사라,,,일본 요리,,,
648,쉐프부부,,,해산물,,,
649,아라쭈꾸미,,,,,,
650,도남해마촌,,,,,,
651,월성삼계탕,,,,,,
652,이서림,,,,,,
653,다래향,,,,,,
654,닥그네자연산,,,,,,
655,불란서식과자점,,,,,,
656,롯데리아,,,,,,
657,용우동,,,,,,
658,제주의아침,,,,,,
659,프라비타,,,,,,
660,연동길,,,,,,
661,무정식당,,,"아시아 요리, 한국",,,
662,푸주옥,,,,,,
663,제주돈대장,,,,,,
664,환이네 이태리식당,,,,,,
665,모심청국장,,,,,,
666,한라회센타,,,,,,
667,거문오름가든,,,,,,
668,우도&살레,,,,,,
669,심향,,,,,,
670,봉평메밀촌,,,,,,
671,지발,,,,,,
672,김해횟집,,,,,,
673,돈이풍덩,,,,,,
674,5월의꽃,,,,,,
675,촌가,,,,,,
676,어박사,,,,,,
677,숨비소리 - 1호점,,,,,,
678,뉴자연으로,,,,,,
679,맥도날드,,,,,,
680,가자고산중화요리,,,,,,
681,마진가,,,,,,
682,소대갈비,,,,,,
683,홈버거,,,,,,
684,제주 협재 바당고지,,,"바베큐, 아시아 요리, 한국, 그릴, 다이너",,"점심식사, 저녁식사",
685,제주 정가네밥상,,,"아시아 요리, 한국, 건강식",,,
686,함덕뚝배기,,,,,,
687,동아반점,,,,,,
688,제제김밥,,,,,,
689,물꼬해녀의집,,,,,,
690,탐라상춘,,,,,"아침식사, 점심식사, 저녁식사",
691,월정리노천의자까페,,,,,,
692,엔제리너스,,,,,,
693,씨리얼,,,카페,,,
694,벨롱,,,,,,
695,오름나그네,,,,,,
696,아마이,,,일본 요리,,,
697,별방촌횟집,,,,,,
698,어사촌도야지,,,,,,
699,Cheesus,,,"이탈리아 요리, 아시아 요리, 한국",,,
700,밥먹자,,,,,,
701,앞돈지,,,"해산물, 아시아 요리, 한국",,,
702,이레커피하우스,,,,,,
703,민준이네,,,,,,
704,김가네 제주대점,,,"아시아 요리, 한국",,,
705,해진횟집,,,,,,
706,청어림향토음식점,,,,,,
707,백년가야밀면,,,,,,
708,카페뮤로,,,"피자, 유럽 요리, 건강식",,,
709,청향샤브샤브,,,,,,
710,아루요,,,,,,
711,길섶나그네,,,,,,
712,미스닥스,,,"아시아 요리, 한국",,,
713,카페월령,,,카페,,,
714,오누이네,,,,,,
715,옛집투,,,,,,
716,요리하는목수,,,,,,
717,일도촌,,,,,,
718,소리원,,,,,,
719,현옥식당,,,,,,
720,이디하우스N카페,,,,,,
721,다인라이브가든,,,,,,
722,해야전복식당,,,,,,
723,명가국밥,,,,,,
724,모이세해장국,,,,,,
725,어림향,,,,,,
726,별난닭곰탕,,,,,,
727,금능자갈,,,,,,
728,애월해,,,한국,,,
729,대수굴식당,,,,,"점심식사, 저녁식사",
730,CAFE해밀,,,,,,
731,장원삼계탕,,,,,,
732,경애관,,,,,,
733,퀸즈브라운 - 제주 월정점,,,"아시아 요리, 한국",,,
734,파파야 수제햄버거,,"₩9,622 - ₩27,492","일본 요리, 스시, 아시아 요리, 한국",,,
735,화이트하우스,,,,,,
736,제주흑돼지한마리,,,,,,
737,바다라면,,,"아시아 요리, 한국",,,
738,영미식당,,,,,,
739,죠스떡볶이,,,,,,
740,배터지는생돈까스,,,,,,
741,소라반점,,,,,,
742,블루밍 아일랜드,,"₩4,706 - ₩11,765",카페,,"점심식사, 저녁식사",
743,더빠에야,,,"스페인 요리, 퓨전",,,
744,몬스터살롱,,,,,"점심식사, 저녁식사",
745,옹포별장가든,,,,,,
746,엄마 돼지,,,,,,
747,네꼬야,,,,,,
748,베리웰치킨,,,,,,
749,깜돈흑돼지,,,,,,
750,야한문어,,,,,,
751,우영담,,,,,,
752,대촌미락,,,,,,
753,사바사바치킨,,,,,,
754,광주생각,,,,,,
755,회양과국수군,,,,,,
756,삼다갈비,"즐거운 제주여행에서 빼놓을수 없는것이 먹거리인데요, 너무나 높은 가격에 부담을 느끼시는 경우도 있을거에요. 그래도 오랜만에 가족 연인의 여행이라서 어쩔수 없이 지갑을 열었던분들 좋은 소식을 알려드리겠습니다. 제주공항에서 3분거리에 위치한 삼다갈비에서 좋은 재료로 사용한 음식을 합리적 가격에 판매하고있습니다. 제주산 오겹살1인분에 9900원, 소고기무해장국은 5900원에 판매중입니다. 근처 상추농장과 직거래를 통해 조금이라도 신선한 쌈야채를 제공하고 식당에서 나오는것은 공급받는것 없이 정성껏 건강하게 조리해서 손님께 제공합니다. 당연한것은 당연히 지키는 정성가득 영양가득 푸짐한식단의 삼다갈비입니다. 이광고를 보시는 분들중 가격이 너무 저렴해서 진짜 제주산이냐고 생각하실수도있겠지만. 진짜 제주산 이구요","₩7,000 - ₩13,000","바베큐, 아시아 요리, 한국",,,
757,굽네치킨,,,,,,
758,국수도둑,,,,,,
759,새별오름식당,,,,,,
760,돈꼬레,,,,,,
761,산고등어 벙커,,,"해산물, 아시아 요리, 한국",,,
762,국수와냉면,,,,,,
763,설빙,,,,,,
764,달잠키친,,,,,,
765,오매식당,,,,,,
766,바그다드,,,,,,
767,진양해장국,,,,,,
768,고우니 제주를담다,,,,,"아침식사, 점심식사, 저녁식사",
769,지중해식당,,,,,,
770,바다목장,,,"아시아 요리, 한국",,,
771,앤디앤라라빈티지,,,,,,
772,동구밖식당,,,,,,
773,Yong Lim Restaurant,,,,,,
774,해녀의집,,,,,,
775,사계절식당,,,,,,
776,슬기식당,,,,,,
777,유일반점,,,,,,
778,하우스레서피,,,,,,
779,무인카페산책,,,,,,
780,한담가든,,,,,,
781,빅토리아,,,"아시아 요리, 한국",,,
782,루스트삼화점,,,,,,
783,산고등어벙커,,,,,,
784,흑촌,,,,,,
785,동진식당,,,,,,
786,고블락,,,,,,
787,항아리바베큐,,,,,,
788,오방네참숯깡통구이,,,,,,
789,미풍해장국,,,,,,
790,사닮과,,,,,,
791,읽으멍자라멍,,,,,,
792,록향샤브샤브,,,,,,
793,사방팔방,,,,,,
794,땅땅치킨,,,,,,
795,빨간집,,,,,,
796,황제쟁반짜장,,,,,,
797,연분홍치마가,,,,,,
798,귀덕순우동,,,,,,
799,이맛,,,,,,
800,동해루,,,,,,
801,중앙식당,,,,,,
802,제주이야기,,,,,,
803,또와식당,,,,,,
804,앨리브런치,,,,,,
805,각지불,,,,,,
806,은희네해장국,,,,,"아침식사, 점심식사",
807,부두식당,,,,,,
808,탐라향,,,,,,
809,멘도롱돈까스,,,,,,
810,로빙화,,"₩8,000 - ₩20,000","이탈리아 요리, 미국 요리, 자가 맥주 판매pub, 펍, 퓨전, 와인 바",,,
811,김명자굴국밥,,,,,,
812,팔팔수제치킨,,,,,,
813,마마칼국수,,,,,,
814,오븐에빠진닭,,,,,,
815,기장횟집,,,,,,
816,갯드르가든,,,,,,
817,달비치까페,,,카페,,,
818,요네상회,,,,,,
819,대섬,,,,,,
820,한마음돈가돈,,,,,,
821,콩지하우스,,,,,,
822,청진동해물탕,,,,,,
823,대박국수,,,,,,
824,이금돈지,,,,,,
825,카페 이슬라,,,"멕시코 요리, 피자, 카페, 펍",,,
826,아바이순대,,,,,,
827,장춘,,,"아시아 요리, 한국",,,
828,어멍이뽑는막국수,,,,,,
829,더콤마,,,,,,
830,원풍해장국,,,,,,
831,사랑식당,,,,,,
832,동양식당,,,,,,
833,광명식당,,,,,,
834,서울뚝배기,,,,,,
835,만두사랑,,,,,,
836,목마가든,,,,,,
837,재벌식당,,,,,,
838,복집식당,,,,,,
839,글루미파파,,,,,,
840,해다미횟집,,,,,,
841,삼춘이야기,,,,,,
842,돼지촌,,,,,,
843,토계정,,,"아시아 요리, 한국",,"점심식사, 저녁식사",
844,삼다가,,,,,,
845,오멍가멍,,,,,,
846,협재해녀의집,,,,,,
847,설농옥,,,,,,
848,춘희,,,,,,
849,산호일해횟집,,,,,,
850,조오타설렁탕,,,,,,
851,해락원,,,,,,
852,쉬는팡,,,,,,
853,용연포구,,,,,,
854,한입상회,,,"아시아 요리, 한국",,,
855,카페띠아모,,,,,,
856,숙경식당,,,,,,
857,사형제횟집,,,,,,
858,정화네분식,,,,,,
859,자연나라,,,,,,
860,다담,,,,,,
861,해적,,,,,,
862,탐라가든,,,,,,
863,바람,,,,,,
864,다우정,,,,,,
865,ISLA,,,,,,
866,빅대디,,,,,,
867,명품대구막창,,,,,,
868,부산서면양곱창,,,,,,
869,원당골,,,,,,
870,포베이,,,,,,
871,커핀그루나루,,,,,,
872,조아라아구찜,,,,,,
873,월랑밥상,,,,,,
874,해원,,,,,,
875,규태네양곱창,,,,,,
876,세발낙지전문점,,,,,,
877,오라고을,,,,,,
878,보말이야기,,,,,,
879,우퍼,,,,,,
880,양평해장국,,,,,,
881,산과들비빔밥,,,,,,
882,어신횟집,,,,,,
883,밀물과썰물,,,,,,
884,도성양꼬치,,,,,,
885,매니아불닭,,,,,,
886,해녀식당,,,,,,
887,투썸플레이스,,,,,,
888,산호숯불꼼장어,,,,,,
889,돈치킨,,,,,,
890,해인의정제,,,,,,
891,카페알라딘,,,,,,
892,교또,,,,,,
893,이삭토스트,,,,,,
894,아꼬떼,,,,,,
895,효심국수,,,,,,
896,바봉,,,,,,
897,흑마가든,,,,,,
898,한수풀횟집,,,,,,
899,돌카롱 - 사려니숲길점,,,"미국 요리, 카페, 패스트푸드, 바베큐, 퓨전",,,
900,망고식스,,,,,,
901,깡촌흑돼지,,,,,,
902,정일품횟집,,,,,,
903,호야분식,,,,,,
904,동다원,,,,,,
905,교촌치킨,,,,,,
906,삼호정,,,,,,
907,뚜레쥬르,,,,,,
908,살랑살랑샤브샤브,,,,,,
909,원담,,,,,,
910,멕시칸치킨,,,,,,
911,이돈갓,,,,,,
912,곽지박사장앤김사장네,,,,,,
913,도리골토종닭,,,,,,
914,하오카페,,,,,,
915,선양한우가든,,,,,,
916,김가네 신제주연동점,,,"아시아 요리, 한국",,,
917,보건식당,,,"아시아 요리, 한국",,,
918,만리향,,,,,,
919,이꼬이,,,,,,
920,띠띠빵빵,,,,,,
921,소낭밭돼지고을,,,,,,
922,오븐에빠진닭,,,,,,
923,다려도횟집,,,,,,
924,옹기와돌맹이,,,,,,
925,만호민물장어,,,,,,
926,해물잔치,,,,,,
927,송촌초밥,,,,,,
928,마라도,,,,,,
929,카이로스 오가닉까페,,,카페,,"아침식사, 점심식사, 저녁식사",
930,보나뻬띠,,,,,"아침식사, 점심식사, 저녁식사",
931,청해일,,,"해산물, 아시아 요리, 한국",,,
932,애월맛집 제주 대박이네,,,"아시아 요리, 한국",,,
933,해창,,,"아시아 요리, 한국",,,
934,진진국수전문점,,,"아시아 요리, 한국",,,
935,작은바람,,,,,,
936,복성원,,,"중국 요리, 아시아 요리",,,
937,표선칼국수,,,,,,
938,도가,,,"아시아 요리, 한국",,저녁식사,
939,신창두루치기,,,"아시아 요리, 한국",,,
940,제주 플로우돈카츠,,,일본 요리,,,
941,이레,,,,,,
942,영화회관,,,,,,
943,김녕함바그집,,,일본 요리,,,
944,해오름 - 제주국제공항점,,,"아시아 요리, 한국",,,
945,키다리아저씨,,,,,,
946,비어도,,,,,,
947,모살밭회관,,,,,,
948,메이즈웰빙한식당,,,,,,
949,가리비안의해적,,,,,,
950,신화성,,,,,,
951,제주옹기설렁탕,,,,,,
952,제주바다를본돼지,,,,,,
953,엄블랑짬뽕,,,,,,
954,제주 한식당 단지,,,"한국, 건강식",,,
955,새우조나단,,,"일본 요리, 일본식 퓨전",,,
956,삼일해장국,,,,,,
957,잔치마당,,,,,,
958,카페요기,,,,,,
959,하나로마트빵굼터,,,,,,
960,손칼국수앤보리밥,,,,,,
961,Jeju's Local Foods,,,"아시아 요리, 한국",,,
962,참솔식당,,,"아시아 요리, 한국",,,
963,대나무집,,,,,,
964,도원춘,,,,,,
965,메리앤폴,,,,,,
966,용두골,,,,,,
967,탐앤탐스,,,,,,
968,동김녕해녀직영횟집,,,,,,
969,앞돈지,,,,,,
970,인트,,,,,,
971,이오리,,,,,,
972,황금알포차,,,,,,
973,가미돈,,,,,,
974,열열이얼큰이,,"₩5,882 - ₩22,353","아시아 요리, 한국",,,
975,이삼구구식당,,,,,,
976,수라원,,,,,,
977,신주양꼬치,,,"중국 요리, 바베큐",,,
978,춘천명동닭갈비,,,,,,
979,임창정의 모서리족발,,,"아시아 요리, 한국",,,
980,배스킨라빈스31,,,,,,
981,하귀포장마차,,,,,,
982,어머니와고등어,,,"아시아 요리, 한국",,,
983,포동정식,,,,,,
984,박대감,,,,,,
985,장군집,,,,,,
986,바닷가책방,,,"카페, 아시아 요리, 한국",,,
987,쿠리의별,,,,,,
988,부촌,,,,,,
989,돌코롬테이블,,,이탈리아 요리,,,
990,객주리,,,,,,
991,치킨명가,,,,,,
992,풍차반점,,,,,,
993,좋은만남,,,,,,
994,가품,,,,,,
995,멕시카나치킨,,,,,,
996,뽕이네각재기,,,,,,
997,세원다방,,,,,,
998,이천,,,,,,
999,세화식당,,,,,,
1000,바다건너 종달리,,,카페,,,
1001,다랑쉬,,,,,,
1002,BHC,,,,,,
1003,피노,,,,,,
1004,향우토종닭,,,,,,
1005,Dal.komm Coffee,,,카페,,"아침식사, 점심식사, 저녁식사",
1006,제주갈치와고등어,,,,,,
1007,That's Coffee,,,카페,,,
1008,종이시계,,,카페,,,
1009,호떡분식,,,,,,
1010,원항아리칼국수보쌈,,,,,"점심식사, 저녁식사",
1011,새큰이가든,,,,,,
1012,삼영식당,,,,,,
1013,빠빠라기,,,,,,
1014,어부횟집,,,,,,
1015,펀앤펀도채비커피,,,,,,
1016,명보마트식당,,,,,,
1017,명천해장국,,,,,,
1018,세화어머니손맛식당,,,,,,
1019,풀하우스,,,,,,
1020,리영식당,,,,,,
1021,무인카페노을언덕,,,,,,
1022,거금도아구해물찜,,,,,,
1023,김밥천국,,,,,,
1024,투썸플레이스,,,,,,
1025,하영먹어도돼지,,,,,,
1026,신제주보쌈,,,,,,
1027,엔돌핀노래연습장,,,,,,
1028,코바코,,,,,,
1029,뼈다귀탕,,,,,,
1030,스시앤,,,"일본 요리, 스시",,,
1031,세화통닭,,,,,,
1032,효도뷔페,,,,,,
1033,미향해장국,,,,,"아침식사, 점심식사, 저녁식사",
1034,굽네치킨,,,,,,
1035,루머팡,,,,,,
1036,다호초밥,,,,,,
1037,추담골,,,,,,
1038,더후라이팬,,,,,,
1039,광평도새기촌,,,,,,
1040,바우식당,,,,,,
1041,쎌빠,,,,,,
1042,국수명가,,,,,,
1043,삼춘네돼지,,,,,,
1044,엉클통김밥,,,,,,
1045,그옛맛,,,,,,
1046,복도새기,,,,,,
1047,어촌계식당,,,,,,
1048,짱김밥,,,,,,
1049,맨도롱또똣,,,"아시아 요리, 한국",,,
1050,돈앤돌,,,,,,
1051,한옥마을,,,,,,
1052,하루방흑돼지,,,,,,
1053,거북이날개달다,,,,,,
1054,까페엠,,,,,,
1055,조선국수,,,,,,
1056,썸데이,,,,,,
1057,현다방,,,,,,
1058,두리아치킨,,,,,,
1059,털보식당,,,,,,
1060,제원칼집,,,,,,
1061,다미정,,,,,,
1062,밤낭골토종닭오리,,,,,,
1063,제주어촌,,,,,,
1064,물꼬기,,,,,,
1065,해어랑횟집,,,,,,
1066,사형제횟집,,,,,,
1067,연미정,,,,,,
1068,고프로회국수,,,,,,
1069,죠스떡볶이,,,,,,
1070,빌레와너드랑,,,,,,
1071,만나식당,,,,,,
1072,스시혼,,,"아시아 요리, 한국",,,
1073,24시뼈다귀탕,,,,,,
1074,소라횟집,,,,,,
1075,이산저산식당,,,,,,
1076,골목식당,,,,,,
1077,시티오브에스프레소,,,,,,
1078,웅담,,,"아시아 요리, 한국",,,
1079,하르방밀면,,,,,,
1080,소렉,,,이탈리아 요리,,,
1081,제주광해,,,"아시아 요리, 한국",,,
1082,월정리허벅식당,,,,,,
1083,아이스빈,,,,,,
1084,천하육회,,,,,,
1085,화목원,,,한국,,"점심식사, 저녁식사",
1086,중앙양과,,,,,,
1087,이야기별방,,,,,,
1088,배스킨라빈스31,,,,,,
1089,대정 바다,,,"아시아 요리, 한국",,,
1090,이도정어부,,,,,,
1091,소낭뜰,,,,,,
1092,강명선샤브샤브,,,,,,
1093,더스트롱홀드,,,,,,
1094,명원가든,,,,,,
1095,할매추어탕,,,,,,
1096,국수네집,,,"아시아 요리, 한국",,,
1097,보통사람들,,,,,,
1098,탐라정,,,,,,
1099,수용횟집,,,,,,
1100,바다와언덕가든,,,,,,
1101,함덕쉼팡,,,,,,
1102,전설의짬뽕,,,,,,
1103,해안도로식당,,,,,,
1104,한라명동칼국수,,,,,,
1105,만강홍,,,,,,
1106,오빠닭,,,,,,
1107,던킨 도너츠 제주공항점,,,,,,
1108,빠빠라기,,,,,,
1109,옛날홍가네칼국수,,,,,,
1110,부부떡집,,,,,,
1111,신라스테이제주 카페,,,카페,,,
1112,물통한방오리,,,,,,
1113,용운횟집,,,,,,
1114,임성반점,,,,,,
1115,오니기리와이규동,,,,,,
1116,요거프레소,,,,,,
1117,맘스터치,,,,,,
1118,삼화포구,,,,,,
1119,영풍치킨,,,,,,
1120,챠우,,,,,,
1121,본죽,,,,,,
1122,패밀리만두,,,,,,
1123,루머팡,,,,,,
1124,샐러드앤미미,,,,,,
1125,마레벤또,,,,,,
1126,안브런치힐링하우스,,,,,,
1127,씨블루,,,,,,
1128,촐라체,,,,,저녁식사,
1129,치맥집,,,,,,
1130,거부 한정식,,,"아시아 요리, 한국",,,
1131,옹포횟집,,,,,,
1132,해조대횟집,,,,,,
1133,황새김밥국수,,,,,,
1134,해미일식,,,,,,
1135,전주아줌마식당,,,,,,
1136,망고식스,,,,,,
1137,도두횟집,,,,,,
1138,후년하우스,,,,,,
1139,옛정의골식당,,,"아시아 요리, 한국",,,
1140,피자마을,,,,,,
1141,대춘식당,,,,,,
1142,화성식당,,,,,,
1143,금능낙원,,,,,,
1144,다비다비,,,,,,
1145,송탄부대찌개집,,,,,,
1146,순희식당,,,,,,
1147,파도식당,,,,,,
1148,아자부 카페,,,,,,
1149,듬삭식당,,,,,,
1150,황금닭갈비,,,"아시아 요리, 한국",,,
1151,화통삼,,,,,,
1152,할망곰탕집,,,,,,
1153,순정감자,,"₩2,000 - ₩7,000","자가 맥주 판매pub, 펍",,,
1154,해곰해장국,,,,,,
1155,모슬포식당,,,,,,
1156,엔,,,,,,
1157,달콤한닭강정,,,,,,
1158,죠스떡볶이,,,,,,
1159,107M2,,,,,,
1160,자연몸국,,,,,,
1161,조간대밥집,,,,,,
1162,우월한,,,,,,
1163,곰해장국,,,,,,
1164,배터지는생돈까스,,,,,,
1165,옛날깡통석쇠구이,,,,,,
1166,만복해장국,,,,,,
1167,물항아리,,,,,,
1168,한스케이55부대찌개,,,,,,
1169,석촌식당,,,,,,
1170,전주횟집,,,,,,
1171,자매네,,,,,,
1172,빨간집,,,,,,
1173,맵수다,,,,,,
1174,도미노피자,,,,,,
1175,부래옥,,,,,,
1176,금강산숯불돼지갈비,,,,,,
1177,남문치킨앤숯불바베큐,,,,,,
1178,인풍뼈감탕해장국,,,,,,
1179,거성치킨,,,,,,
1180,거성치킨,,,,,,
1181,요리하는김선장,,,,,,
1182,닻숯불막창깡통구이,,,,,,
1183,민자식당,,,,,,
1184,노다지노래연습장,,,,,,
1185,이층해장국,,,,,,
1186,네네치킨,,,,,,
1187,난타오천,,,,,,
1188,해락원삼계탕,,,,,,
1189,달콤한닭강정,,,,,,
1190,삼바리회센타,,,,,,
1191,해진횟집,,,"해산물, 아시아 요리, 한국",,,
1192,광양해장국,,,,,,
1193,빠라빠빵,,,,,,
1194,다정,,,,,,
1195,부래옥,,,,,,
1196,선명횟집,,,,,,
1197,돈돈촌,,,,,,
1198,카페헤이브라운,,,,,,
1199,엉클통김밥 애월점,,,"아시아 요리, 한국",,,
1200,재혁이네국수,,,,,,
1201,공단반점,,,,,,
1202,코코플래이트,,,,,,
1203,아일랜드스푼,,,,,,
1204,혼섬갈비,,,,,,
1205,시골길,,,,,,
1206,포구횟집,,,,,,
1207,동북왕,,,,,,
1208,연동신번지,,,,,,
1209,우마이오뎅빠,,,,,,
1210,레드팬더,,,,,,
1211,돈떵이,,,,,,
1212,왕통가마솥,,,,,,
1213,신우성회관,,,,,,
1214,한을식당,,,,,,
1215,그집에가면,,,,,,
1216,풍전,,,,,,
1217,복래순,,,,,,
1218,창신동매운족발,,,,,,
1219,한담의바다풍경,,,,,,
1220,용두암해물탕,,,,,,
1221,용두암바당회국수,,,,,,
1222,솔참치,,,,,,
1223,국수초록,,,"아시아 요리, 한국",,,
1224,국시트멍,,,,,,
1225,칠성포차,,,,,,
1226,그린기사식당,,,,,,
1227,장씨네화로구이,,,,,,
1228,숨어있는집,,,,,,
1229,화물터미널음식점,,,,,,
1230,월척,,,,,,
1231,기쁨이네감자탕,,,,,,
1232,월정해변회국수,,,,,,
1233,죽이야기 CAFE제주점,,,"아시아 요리, 한국",,,
1234,허브팜카페,,,,,,
1235,방일해장국,,,,,,
1236,황가네제주,,,"아시아 요리, 한국",,,
1237,루스트플레이스,,,,,,
1238,안비양해녀의집,,,,,,
1239,우도횟집,,,"해산물, 아시아 요리, 한국",,,
1240,죽이야기 화북점,,,"아시아 요리, 한국",,,
1241,로뎀가든,,,,,,
1242,롯데리아 신제주,,,,,,
1243,강풍식당,,,,,,
1244,하얀성,,,,,,
1245,용이식당,,,,,,
1246,해올레가든,,,"아시아 요리, 한국",,,
1247,하영 흑돼지 구이집,,,"아시아 요리, 한국",,,
1248,블랙포엠,,,,,,
1249,곶자왈손칼국수,,,,,,
1250,용두암해촌,,,,,,
1251,재암식당,,,,,,
1252,손맛촌,,,"아시아 요리, 한국",,,
1253,홍콩미각,,,,,,
1254,해금강횟집,,,"해산물, 중국 요리, 일본 요리, 아시아 요리, 한국",,"야간 영업, 점심식사, 저녁식사","테이크아웃, 예약, 야외석, 노상 주차, 무료 주차장, 발렛주차, 무료 야외 주차, 텔레비전, 휠체어 이용 가능, 주류 판매, 무료 와이파이, 신용카드 결제 가능"
1255,한양뼈감탕,,,,,,
1256,노라바,,,,,,
1257,제주석다원,,,,,,
1258,촌촌해녀촌,,,,,,
1259,육고깃집,,,,,,
1260,길식당,,,,,,
1261,키친수다,,,,,,
1262,먹쿠슬낭여행자카페,,,,,,
1263,7080돼지국밥,,,,,,
1264,금메달,,,,,,
1265,맥반석식당,,,,,,
1266,맥반석식당,,,,,,
1267,마음한줄,,,,,,
1268,은혜성,,,,,,
1269,이호숯불갈비,,,,,,
1270,어사랑횟집,,,,,,
1271,장마루보양탕,,,,,,
1272,이어도횟집,,,,,,
1273,뽕뜨락피자,,,,,,
1274,해오름다방,,,,,,
1275,장미다방,,,,,,
1276,우정식당,,,,,,
1277,도다리새꼬시회,,,,,,
1278,조아찌,,,,,,
1279,뚱땡이밥집,,,,,,
1280,용우동,,,,,,
1281,뽀글뽀글,,,,,,
1282,세화쌍둥이횟집,,,,,,
1283,세화해녀잠수촌,,,,,,
1284,세화오리촌,,,,,,
1285,세화바당,,,,,,
1286,해창호횟집,,,,,,
1287,연지단란주점,,,,,,
1288,THE돈,,,,,,
1289,마농,,,,,,
1290,마농,,,,,,
1291,올레파이,,,,,,
1292,용궁반점,,,,,,
1293,미스터곰,,,,,,
1294,자전거빵,,,,,,
1295,풍경채,,,,,,
1296,안세미가든,,,,,,
1297,엔돌핀다방,,,,,,
1298,수목원가는길,,,,,,
1299,꺼멍도새기,,,,,,
1300,꺼멍싸바,,,,,,
1301,황제의밤,,,,,,
1302,숙경식당,,,,,,
1303,본죽,,,,,,
1304,노형탑부평참숯구이,,,,,,
1305,카페띠아모,,,,,,
1306,용두바당횟집,,,,,,
1307,우미정,,,,,,
1308,쉬는팡,,,,,,
1309,엄바위,,,,,,
1310,엔제리너스,,,,,,
1311,월랑봉,,,,,,
1312,신라제과,,,,,,
1313,큰언니국수,,,,,,
1314,섬나라일식초밥,,,,,,
1315,시암 타이랜드 레스토랑 앤 카페,,,,,,
1316,상하이반점,,,,,,
1317,월정역,,,,,,
1318,만남다방,,,,,,
1319,명당양과,,,,,,
1320,몸냥,,,"아시아 요리, 한국",,,
1321,교차로다방,,,,,,
1322,수아,,,,,,
1323,카페아프리카,,,,,,
1324,소레노래연습장,,,,,,
1325,피자가기기막혀,,,,,,
1326,루스트플레이스 아라점,,,"인터내셔널, 아시아 요리, 한국",,,
1327,평대블루스,,,,,,
1328,뜨로,,,,,,
1329,전통주점창,,,,,,
1330,천하일미회관,,,,,,
1331,영아네맛집,,,,,,
1332,도미노피자,,,,,,
1333,땅땅치킨,,,,,,
1334,뜰채,,,,,,
1335,강풍식당,,,,,,
1336,차숙이양대창,,,,,,
1337,공리,,,,,,
1338,즐겨찾기,,,,,,
1339,차귀횟집,,,,,,
1340,동명노래연습장,,,,,,
1341,길목통닭,,,,,,
1342,고래사냥단란주점,,,,,,
1343,서울식당,,,,,,
1344,탁이국수,,,,,,
1345,속초식당,,,,,,
1346,고고짬뽕,,,,,,
1347,피쉬&그릴,,,,,,
1348,복진아구찜,,,,,,
1349,작은부엌,,,,,,
1350,탑동전주회관,,,,,,
1351,태선갈비,,,,,,
1352,웰빙노래연습장,,,,,,
1353,광평도새기촌,,,,,,
1354,서울풍미식당,,,,,,
1355,광주아구찜,,,,,,
1356,서울뚝배기,,,,,,
1357,우리식당,,,,,,
1358,정다운다방,,,,,,
1359,향다방,,,,,,
1360,북경,,,,,,
1361,한올래,,,,,,
1362,보경반점,,,,,,
1363,초원보리빵,,,,,,
1364,도래지,,,,,,
1365,바삭바삭,,,,,,
1366,혁이네횟집,,,,,,
1367,피쉬&그릴,,,,,,
1368,굿모닝해장국,,,,,,
1369,처갓집치킨,,,,,,
1370,정한가든,,,,,,
1371,만조소머리곰탕,,,,,,
1372,항골,,,,,,
1373,바당분식,,,,,,
1374,선미네,,,,,,
1375,탐라,,,,,,
1376,달래식당,,,,,,
1377,던킨도너츠,,,,,,
1378,종종,,,,,,
1379,종점역,,,,,,
1380,맥도날드,,,,,,
1381,애월항,,,,,,
1382,애월해장국소머리국밥,,,,,,
1383,제주명과,,,,,,
1384,제주청파식당횟집,,,,,,
1385,쏭쏭,,,,,,
1386,까만돌멩이카페,,,,,,
1387,한아름베이커리,,,,,,
1388,제주늘봄,,,"아시아 요리, 한국",,,
1389,흑돼지깡통구이,,,,,,
1390,돈구어,,,,,,
1391,다크니스,,,,,,
1392,제주야,,,,,,
1393,토크쇼,,,,,,
1394,장원식당,,,,,,
1395,은성식당,,,,,,
1396,은성식당,,,,,,
1397,제바나횟집,,,,,,
1398,영암식당,,,,,,
1399,카페베네 제주노형타워점,,,카페,,,
1400,우도반점,,,,,,
1401,쪼인게스트하우스,,,,,,
1402,망고식스,,,,,,
1403,아끈디,,,,,,
1404,까투리,,,,,,
1405,달테이블 제주노형점,,,"아시아 요리, 한국",,,
1406,미인과노래연습장,,,,,,
1407,비비큐치킨앤피자,,,,,,
1408,세화국수동네,,,,,"아침식사, 점심식사, 저녁식사",
1409,갯마리가든,,,,,,
1410,파파이스,,,,,,
1411,도치돌가든,,,,,,
1412,고기왕,,,,,,
1413,돈드림가든,,,,,,
1414,유재덕의산양산삼해물라면,,,"아시아 요리, 한국",,,
1415,탐라면,,,"아시아 요리, 한국",,,
1416,돌담집,,,,,,
1417,제주대게회타운,,,,,,
1418,BHC,,,,,,
1419,노량진,,,,,,
1420,아레파그릴,,"₩4,000 - ₩19,000","와인 바, 베네수엘라, 남미 요리",,"브런치, 음료, 점심식사","무료 주차장, 유아용 의자 있음, 주류 판매, 다양한 주류를 제공, 와인 및 맥주, 무료 와이파이"
1421,오빠네회국수,,,,,,
1422,방목흑돼지,,,,,,
1423,밥빠,,,,,,
1424,성아시,,,,,,
1425,멕시카나치킨,,,,,,
1426,본가,,,,,,
1427,곽지식당,,,,,,
1428,섬횟집,,,,,,
1429,정서방해물뚝배기,,,,,,
1430,이호체험배낚시,,,,,,
1431,구엄어촌계해산물센터,,,,,,
1432,패밀리피자,,,,,,
1433,인도커리우드 - 제주점,,"₩9,000 - ₩15,000","인도 요리, 필리핀, 아시아 요리, 중동 요리, 파키스탄, 방글라데쉬, 스리랑카",,,
1434,진대감 제주점,"진대감 차돌삼합은 차돌박이와 관자, 그리고 새콤달콤한 나물들의 조합으로 남녀노소 상관없이 맛집으로 소문난 음식점입니다.","₩5,000 - ₩25,000","바베큐, 아시아 요리, 한국, 그릴",,,
1435,이가촌,,,,,,
1436,캐나다삼촌집,,,,,,
1437,던킨 도너츠 제주대학병원,,,그리스 요리,,,
1438,이비가짬뽕,,,,,,
1439,또래오래,,,,,,
1440,퀴클리,,,,,,
1441,외가집횟집,,,,,,
1442,서가앤쿡 - 제주노형점,,,이탈리아 요리,,,
1443,라지마할,,,,,,
1444,나눔떡볶이,,,,,,
1445,검은쇠몰고오는,,,,,,
1446,퓨전마트,,,,,,
1447,아테쉬,,,터키,,저녁식사,
1448,천리맛집,,,,,,
1449,카페베네 신제주연동점,,,카페,,,
1450,인제연탄돼지,,,,,,
1451,싱싱왕만두땡초김밥,,,,,,
1452,복자씨연탄구이 함덕점,,,,,,
1453,거봉국수,,,,,,
1454,통발횟집,,,,,,
1455,해녀와바다,,,,,,
1456,용두암갯바위,,,,,,
1457,전설의마녀,,,,,,
1458,신현대식당,,,"아시아 요리, 한국",,,
1459,갯바위횟집,,,,,,
1460,해마루,,,,,,
1461,광평도새기촌,,,,,,
1462,해성도뚜리,,,,,,
1463,황금고팡,,,,,,
1464,모메존,,,,,,
1465,해원앙,,,,,,
1466,후루사또,,,,,,
1467,더꽃돈,,,"스테이크하우스, 바베큐, 아시아 요리, 한국, 그릴",,,
1468,다희연,,,,,,
1469,독개물항횟집,,,,,,
1470,준반점,,,,,,
1471,민우네국수,,,,,,
1472,마시카,,,,,,
1473,이게밥도둑,,"₩14,117,647 - ₩58,823,528","바베큐, 아시아 요리, 한국",,"점심식사, 저녁식사, 야간 영업","테이크아웃, 예약, 좌석, 주차 가능, 노상 주차, 무료 주차장, 무료 야외 주차, 텔레비전, 휠체어 이용 가능, 주류 판매, 다양한 주류를 제공, 무료 와이파이, 신용카드 결제 가능"
1474,용두암해촌,,,"아시아 요리, 한국",,,
1475,바당좀녀의집,,,,,,
1476,트라인커피,,,카페,,"아침식사, 점심식사, 저녁식사",
1477,바보라면,,,"중국 요리, 아시아 요리, 한국",,,
1478,금보식당,,,,,,
1479,비자림부엉이,,,,,,
1480,광어공방,"광어공방은 숙성광어회 포장전문점(Take out only)입니다. 광어공방의 숙성회는 최적의 온도와 수 시간의 기다림으로 이노신산(IMP)의 함량을 증가시켜 감칠맛이 풍부합니다. 소형광어(1Kg)는 사용하지 않고, 엄선된 제주대광어와 채소로 온가족이 즐길 수 있는 바른먹거리를 만듭니다.","₩15,000 - ₩25,000","일본 요리, 해산물",,"점심식사, 저녁식사","테이크아웃, 예약, 주차 가능, 노상 주차, 신용카드 결제 가능"
1481,산호반점,,,,,,
1482,김밥천국,,,,,,
1483,선인장,,,"아시아 요리, 한국",,,
1484,전망대횟집,,,,,,
1485,용출횟집,,,,,,
1486,요레,,,,,,
1487,협재온다정,,,,,,
1488,용담밭담,,"₩17,647,060 - ₩29,411,764","아시아 요리, 한국",,"아침식사, 점심식사, 저녁식사","예약, 주차 가능, 무료 주차장, 무료 야외 주차, 유아용 의자 있음, 휠체어 이용 가능, 주류 판매, 다양한 주류를 제공, 무료 와이파이, 가족형, 금연 음식점"
1489,이삭토스트 - 제주 칠성로점,,,"카페, 아시아 요리, 한국",,,
1490,밥먹자,,,"아시아 요리, 한국",,,
1491,곽지스테이션,,,카페,,,
1492,조천고깃간,"제주도 조천에 위치한 조천흑돼지 맛집! 조천고깃간입니다. 함덕에서 차로 5분거리에 위치한 아기자기하게 예쁜 동네에요. 정말 맛있는 흑돼지와 장아찌들의 향연! 저희 조천고깃간에서만 만날 수 있는 톳장아찌의 매력에 빠져보세요! 연탄불에 구워 더욱 맛있는 돼지고기와 함께 즐길 수 있는 김치찌개, 비빔국수 그리고 살얼음 가득한 동치미국수까지! 예쁜 타일에서 먹는 돼지고기의 맛은 더욱 특별하게 느껴질 거에요-","₩7,000 - ₩55,000","바베큐, 아시아 요리, 한국, 그릴",,저녁식사,"노상 주차, 무료 야외 주차, 유아용 의자 있음, 주류 판매, 다양한 주류를 제공, 무료 와이파이, 신용카드 결제 가능, 가족형, 금연 음식점"
1493,배롱정원,,,"아시아 요리, 한국",,,
1494,대관원,제주시 공항 인근에 있는 중식당 입니다 가격이 알찬 식사메뉴부터 고급스러운 코스 요리까지 다양한 메뉴로 준비 되어 있습니다 친절하고 편안한 분위기로 모시겠습니다 Open 11:00 Close 9:00 둘째 넷째 월요일 휴무 쉬는시간 없습니다 배달하지 않습니다 주차이용은 주변 공용주차장 주차바랍니다,"₩5,000 - ₩70,000",중국 요리,,,
1495,목수포차,,,"해산물, 아시아 요리, 한국, 그릴, 길거리 음식",,,
1496,Lamb House,,,아시아 요리,,,
1497,카카오프렌즈 카페 - 제주,,,"카페, 아시아 요리, 한국",,,
1498,시루애월,,,"카페, 아시아 요리, 한국, 퓨전",,,
1499,윤옥,,,,,,
1500,달코롬쑥보리빵,,,"아시아 요리, 한국",,,
1501,Burger 307,,,미국 요리,,,
1502,던킨 도너츠 제주탑동,,,,,,
1503,제주 홀리데이 로맨스,전직 헤드헌터가 운영하는 제주도의 숨겨졌던 여행지를 발견하고 전국에서 모인 새로운 친구들을 만나는 테마카페. #여행정보 #여행동행 #스피드데이팅 #미팅파티 #소개팅파티,"₩12,000 - ₩44,000","바, 카페, 펍, 와인 바",,,
1504,노티카우,,"₩4,000 - ₩6,000",,,"점심식사, 저녁식사",
1505,홍사출돈가,,,,,,
1506,섬소나이,,,퓨전,,,
1507,엄마손횟집,,,"아시아 요리, 한국",,,
1508,청송도시락,,,,,,
1509,서서방숯불닭갈비,,,"아시아 요리, 한국",,,
1510,내고향해장국,,,,,,
1511,대어,,,"일본 요리, 스시",,,
1512,홋카이도,,,,,,
1513,숯불구이양고기전문점,,,,,,
1514,산촌감자탕아구찜,,,,,,
1515,나드리뷔페,,,,,,
1516,성복식당,,,"아시아 요리, 한국",,,
1517,고전떡볶이,,,"패스트푸드, 아시아 요리, 한국, 길거리 음식",,,
1518,칠성골 흑돼지,,,아시아 요리,,,
1519,어쇼일식,,,,,,
1520,명품천하,,,,,,
1521,말이랑흑도새기랑,,,"인도 요리, 아시아 요리, 한국",,,
1522,제복일식,,,일본 요리,,,
1523,모들한상,,,"이탈리아 요리, 일본 요리, 일본식 퓨전",,,
1524,제주돔,,,"아시아 요리, 한국",,,
1525,단디501,,,"아시아 요리, 한국",,,
1526,제주도그릴 - 특상 제주본점,,,"아시아 요리, 한국",,"점심식사, 저녁식사",
1527,Pasto,,,"그릴, 퓨전",,,
1528,블랙스완씨,,,,,,
1529,우리회수산,,,"해산물, 아시아 요리, 한국",,,
1530,너는 파라다이스 길리,,,,,,
1531,짬뽕상회 - 제주직영점,,,중국 요리,,,
1532,2093하우스,,,,,,
1533,20년전통부대찌개,,,,,,
1534,쇼군,,,"중국 요리, 일본 요리, 아시아 요리, 한국, 펍, 퓨전",,,
1535,꼴두바위,,,,,,
1536,산적,,,,,,
1537,진홍식당,,,"아시아 요리, 한국",,,
1538,청담이상 - 신제주점,"청담이상 신제주점은 분위기있는 인테리어와 손님들이 독립적인 공간에서 즐길수 있는 공간이 마련 되어있습니다. 신선한 사시미부터 꼬치류, 구이류, 볶음류까지 고객님들의 입맛에 맞는 음식이 준비되어 있습니다.","₩10,000 - ₩40,000","일본 요리, 아시아 요리, 한국, 퓨전",,"저녁식사, 야간 영업, 음료","예약, 주차 가능, 노상 주차, 무료 주차장, 무료 야외 주차, 주류 판매, 다양한 주류를 제공, 무료 와이파이, 신용카드 결제 가능"
1539,차롱,,,"아시아 요리, 한국",,점심식사,
1540,제주 탭룸3029,,,"미국 요리, 아시아 요리, 한국",,,
1541,갤러리 라운지,"전통적인 방짜유기와 자개로 꾸며진 화려한 인테리어를 즐기며 여행 또는 일상 속의 피로함을 풀어주는 커피 한잔의 여유로움을 만끽할 수 있는 곳입니다. 고메 커피, 제주 스페셜티와 곁들여지는 수제 케이크와 함께 저녁식사전 가볍게 샴페인 한잔을 즐길 수 있는 장소로도 완벽합니다.",,"카페, 컨템퍼러리",,"점심식사, 저녁식사",
1542,문쏘,,,인도 요리,,,
1543,자구내,,,,,,
1544,99밸리,"24시간 운영되는 레스토랑으로 중화권 및 동남아시아의 시그니처 요리들을 합리적인 가격으로 만날 수 있습니다. 전문 셰프가 직접 눈 앞에서 뽑아내는 수타면으로 만든 국수, 다양한 종류의 딤섬, 신선한 해산물을 활용한 볶음밥 및 죽 요리 등의 메뉴를 선보입니다.","₩20,000 - ₩150,000","중국 요리, 패스트푸드, 인터내셔널, 아시아 요리",,"아침식사, 점심식사, 저녁식사",
1545,피자클래스중문신시가지점,,,,,"점심식사, 저녁식사",
1546,순비기식당,,,,,,
1547,한우플라자 - 삼화점,,,"아시아 요리, 한국",,,
1548,Daewonga,,,"아시아 요리, 한국",,,
1549,머루황토불갈비,,,,,,
1550,제이학센,,"₩11,000 - ₩19,500","이탈리아 요리, 독일 요리, 바베큐, 아시아 요리, 한국, 하와이",,"점심식사, 저녁식사, 브런치, 야간 영업, 음료","테이크아웃, 예약, 야외석, 주차 가능, 무료 주차장, 유아용 의자 있음, 휠체어 이용 가능, 주류 판매, 다양한 주류를 제공, 와인 및 맥주, 전자 결제, 무료 와이파이, 신용카드 결제 가능, 해변, 가족형, 금연 음식점"
1551,살찐고등어,,,일본 요리,,,
1552,이여도산아,,,"아시아 요리, 한국",,,
1553,해맞이 쉼터,,,"아시아 요리, 한국",,,
1554,옛고을갈비,,,,,,
1555,어가,,,"아시아 요리, 한국",,,
1556,담,,,"아시아 요리, 한국",,,
1557,올레삼다정,,,"아시아 요리, 한국",,,
1558,부타이 블랙,,"₩10,000 - ₩50,000",아시아 요리,,,
1559,함덕밀면,,,"아시아 요리, 한국",,,
1560,도야,,,,,,
1561,주식한돈,,,"아시아 요리, 한국, 그릴",,,
1562,숲의 시간,제주 숲에서의 고요와 평화를 느끼는 공간입니다.,"₩3,000 - ₩10,000","카페, 맥주 음식점, 아시아 요리, 한국",,"저녁식사, 음료","야외석, 주차 가능, 무료 주차장, 무료 와이파이"
1563,라운지 38,"라운지 38은 호텔 최고증에 위치하며 제주에서 가장 높은 전망을 자랑합니다. 오후 시간에는 달콤한 디저트와 커피를, 해가 지고 난 후에는 세련된 라운지 바로 변신합니다. 전문 믹솔로지스트의 스페셜 칵테일과 힙한 라이브 DJ가 직접 선정하는 음악, 아름다운 야경이 어우러지는 스카이 라운지에서 로맨틱한 순간을 맞이하세요.",,,,"점심식사, 저녁식사",
1564,피자알볼로 - 제주영어교육도시점,,,코카시안,,,
1565,비오는날의숲,,"₩17,647,060 - ₩21,176,472","프랑스 요리, 미국 요리, 아시아 요리, 한국, 컨템퍼러리, 건강식",,점심식사,"테이크아웃, 예약, 무료 야외 주차, 휠체어 이용 가능, 와인 및 맥주, 전자 결제, 무료 와이파이, 신용카드 결제 가능, 금연 음식점"
1566,제주웨딩스냅,,"₩8,235 - ₩17,647",카페,,,
1567,그랜마스 - 이도점,,,"미국 요리, 피자, 건강식, 수프",,"아침식사, 점심식사, 브런치, 음료","배달, 테이크아웃, 야외석, 좌석, 유아용 의자 있음, 휠체어 이용 가능, 마스터카드, 비자카드, 신용카드 결제 가능, 테이블 서비스, 가족형, 금연 음식점"
1568,학교종이 땡땡땡,,,"아시아 요리, 한국",,,
1569,또장군,,,,,,
1570,안녕협재씨,,,"아시아 요리, 한국",,,
1571,임금님밥상,,,"아시아 요리, 한국",,,
1572,남도맛집,,,건강식,,,
1573,고사리키친,,,"유럽 요리, 아시아 요리, 한국",,,
1574,남양통닭,,,"바베큐, 아시아 요리, 한국, 그릴, 건강식",,,
1575,명물식당,,,,,,
1576,녹나무,"직화에 구운 최상급 한우와 다양하고 정갈한 반찬의 한상차림이 정겨운 '녹나무'. 마지막 한 점까지 혀에서 사르르 녹는 한국식 소고기 구이, 제주 장인의 정성이 깃든 고소리술과 막걸리의 만남은 소중한 시간에 제주의 향기를 더해드릴 것입니다.","₩30,000 - ₩150,000","바, 바베큐, 아시아 요리, 한국, 펍",,"아침식사, 점심식사, 저녁식사",
1577,꼬꼬앤쿡,,,"아시아 요리, 한국",,,
1578,아일랜드빈티지커피,,,,,,
1579,육개장 전문점 가품,,,"아시아 요리, 한국",,,
1580,도리식당,,,,,,
1581,차이나하우스,차이나 하우스는 중국 4대 진미를 맛볼 수 있는 정통 중식 레스토랑입니다. 중국 스타 셰프가 정통식으로 준비한 다양한 전채 요리와 시그니처 요리를 즐겨보세요. 반드시 맛보아야 하는 대표 요리인 북경 오리 요리는 오랜시간 동안 구워진 후 테이블 바로 옆에서 정성스럽게 서빙됩니다.,"₩30,000 - ₩150,000","중국 요리, 해산물, 아시아 요리, 수프",,"아침식사, 점심식사, 저녁식사","예약, 주차 가능, 주류 판매, 무료 와이파이, 신용카드 결제 가능, 테이블 서비스"
1582,마시레치킨,,,"아시아 요리, 한국, 펍, 맥주 음식점",,,
1583,돌담길괴기집,,,"아시아 요리, 한국",,,
1584,삼양다방,,,,,,
1585,캔사스,,,,,,
1586,우도 근고기,,,"아시아 요리, 한국",,,
1587,소문난 맛집,,,"아시아 요리, 한국",,,
1588,유메야마,"엄선된 프리미엄 사케와 정통 진미를 통해 일본 요리의 특별함을 선보입니다. 레스토랑 중앙에 위치한 라이브 키친에서는 일식 전문 셰프의 일본식 꼬치 요리, 스시 요리가 서빙됩니다. 눈앞에서 펼쳐지는 화려한 테판야끼 퍼포먼스는 레스토랑에 또 다른 특별한 활기를 불어넣어 줍니다.","₩30,000 - ₩150,000","일본 요리, 스시",,"점심식사, 저녁식사",
1589,경민네흑돼지,,,,,,
1590,차세상,"차세상(茶世上)은 1996년 제주 서귀포에서 시작한 이래로 믿고 마실 수 있는 보이차, 오룡차 및 차도구를 직접 수입 판매해 오고 있으며 20여년 간 신뢰를 바탕으로 꾸준히 지속해오고 있는 제주 최고(最古)의 차 전문점입니다. 차세상은 식약처의 검역을 거쳐 정식으로 통관된 제품만을 취급하고 있으며, 중국차 이외에도 녹차, 홍차, 허브차 및 각종 대용차류와 다양한 차도구를 구비하고 있습니다. 애호가들을 위한 상품(上品)부터 처음 시작하는 분들을 위한 부담없는 가격의 제품까지 폭넓게 보유하고 있으며 시음 및 음용법을 친절히 안내해 드리고 있습니다. 조용한 분위기의 카페 공간도 마련되어 있으니 편하게 오셔서 차 한 잔의 여유를 가지시기 바랍니다.","₩5,882,353 - ₩1,176,470,528","중국 요리, 아시아 요리, 한국, 윈난",,"점심식사, 저녁식사, 음료",
1591,구엄해녀수산,,,"해산물, 아시아 요리, 한국",,,
1592,배두리광장,,"₩14,900 - ₩18,900","피자, 펍",,"저녁식사, 야간 영업, 음료","배달, 테이크아웃, 예약, 야외석, 좌석, 유아용 의자 있음, 주류 판매, 와인 및 맥주, 전자 결제, 무료 와이파이, 신용카드 결제 가능, 테이블 서비스, 금연 음식점"
1593,Gongbech,,,카페,,,
1594,효퇴국수국밥,,,,,,
1595,Groov Jeju,,,"미국 요리, 카페, 와인 바",,"점심식사, 저녁식사",
1596,카페록록,,,카페,,,
1597,우리집,,,,,,
1598,하나마루,,,일본 요리,,,
1599,현지통아귀찜,,,,,,
1600,스시향,,,스시,,,
1601,던킨 도너츠 제주대학교,,,,,,
1602,풀하우스,,,,,"아침식사, 점심식사",
1603,그랜마스 - 서귀포점,,,"미국 요리, 피자, 건강식, 수프",,"아침식사, 점심식사, 브런치, 음료","배달, 테이크아웃, 야외석, 좌석, 유아용 의자 있음, 휠체어 이용 가능, 마스터카드, 비자카드, 무료 와이파이, 신용카드 결제 가능, 테이블 서비스, 가족형, 금연 음식점"
1604,제주서문수산,,,일본 요리,,,
1605,예쁜횟집,,"₩17,500 - ₩30,000",,,,
1606,탐라반상,,,"아시아 요리, 한국",,,
1607,소세지가게,,,"독일 요리, 아시아 요리, 한국",,,
1608,카페리,,,카페,,,
1609,칠칠팜,,,"아시아 요리, 한국",,,
1610,돔배돈 공함점,,,"아시아 요리, 한국",,,
1611,로컬푸드 뷔페 섬채,"섬채는 제주에서 구한 신선하고 건강한 식재료를 우선으로 계절의 변화에 충실한 제철음식을 만들고자 합니다. 한식, 중식, 일식 그리고 제주 전통 음식까지 다양한 음식을 고급스러운 분위기의 매장에서 즐길 수 있습니다. 제주공항에서 5분 거리로 아주 가까이 있어 이용하기도 아주 편리합니다. 제주의 맛을 즐길 수 있는 섬채로 오세요","₩9,900 - ₩19,900","중국 요리, 아시아 요리, 한국, 일본식 퓨전",,"점심식사, 저녁식사","부페, 주차 가능, 무료 주차장, 주류 판매, 무료 와이파이, 신용카드 결제 가능"
1612,Mulmaegol,,,"아시아 요리, 한국",,,
1613,명당양과,,,,,,
1614,한라산도야지,,,,,,
1615,풍어회센타,,,,,,
1616,사돈집,,,"아시아 요리, 한국",,,
1617,바당한그릇,,,"일본 요리, 아시아 요리, 한국",,,
1618,뵈뵈,,,"아시아 요리, 한국",,,
1619,Aldongnaejip,,,"바베큐, 아시아 요리, 한국, 그릴",,,
1620,Burger&Churros of To Island,,,미국 요리,,,
1621,이치류양심 - 제주점,,,일본 요리,,저녁식사,
1622,whangwujeong Korean Restaurant,,,"아시아 요리, 한국",,,
1623,애드쿡,,,이탈리아 요리,,,
1624,코시롱,,,,,,
1625,흑돈사,,,바베큐,,,
1626,소문난할머니집,,,,,,
1627,우도해녀와바다,"현지인들이 즐겨찾는 로컬식당입니다. 푸짐한 가정식 백반과 향토음식, 신선한 해물요리가 인기입니다.","₩7,000 - ₩30,000","아시아 요리, 한국",,,
1628,로컬크랩,,,해산물,,,
1629,우도자연,,,,,,
1630,유명제과,,,,,,
1631,Teaujong,,,"아시아 요리, 한국",,,
1632,운산,,,,,,
1633,뚱보아저씨,,,"아시아 요리, 한국",,,
1634,신토계,,,,,,
1635,다니쉬,,,카페,,,
1636,외도노래연습장,,,,,,
1637,오후다섯시두가지착각조차도,,,"프랑스 요리, 카페, 아시아 요리, 한국, 과테말라, 남미 요리, 콜롬비아",,,
1638,우도주막,,,"자가 맥주 판매pub, 아시아 요리, 한국, 펍",,,
1639,비자블,"일본식 브런치 카페 -일본식 돈까스, 카레, 샌드위치, 스프, 파스타 등이 있고 -커피와 다양한 음료가 있어요. -따뜻한 봄,여름에는 다양한 꽃들이 있는 정원이 있고, 아이들이 뛰어놀기 좋아요.","₩6,500 - ₩11,000",일본 요리,,,
1640,소호,,,컨템퍼러리,,,
1641,구좌상회,,,카페,,,
1642,신비의사랑 세번째이야기,,,카페,,,
1643,도깨비횟집,,,,,,
1644,Sorella in Jeju,,,"이탈리아 요리, 해산물",,,
1645,제주 풍차와 전복,,,"해산물, 아시아 요리, 한국",,"점심식사, 저녁식사",
1646,마노커피하우스,,"₩6,000 - ₩10,000","스테이크하우스, 카페, 패스트푸드, 뉴질랜드, 맥주 음식점",,,
1647,멕시카나치킨 이도점,,,,,,
1648,비자림미담,,,"아시아 요리, 한국",,,
1649,델리,"세계적으로 유명한 파티시에가 매일 갓 구워내는 향기로운 빵과 케이크, 디저트가 준비된 부티크 베이커리 숍입니다. 정성스럽게 만들어진 수제 초콜릿도 함께 만나 보실 수 있으며, 품질 좋은 테이크 아웃 커피는 물론 제주 스페셜 티까지 구입 가능합니다.",,"프랑스 요리, 카페, 유럽 요리, 컨템퍼러리",,"점심식사, 저녁식사",
1650,그랜드 키친,"세계 각국의 다양한 요리를 한자리에 선보이는 인터내셔널 뷔페 레스토랑으로 라이브 스테이션에서는 셰프가 직접 눈 앞에서 만들어주는 요리를 즐길 수 있습니다. 해산물, 야채, 고기 등 제주의 신선한 식재료를 이용하여 다양한 종류의 전통 한식부터 서양식 요리, 중국식 볶음요리까지 여러 가지의 메뉴들을 맛볼 수 있습니다.",,,,"아침식사, 점심식사, 저녁식사",
1651,비자림 꿩요리점,,,"아시아 요리, 한국",,,
1652,양,,"₩11,765 - ₩35,294","바베큐, 아시아 요리, 한국, 그릴, 다이너",,,
1653,가드망제,,,"이탈리아 요리, 카페, 퓨전",,,
1654,남문숯불바베큐치킨,,,,,,
1655,한림바다 생태체험마을,,,"스시, 아시아 요리, 한국, 그릴, 건강식",,,
1656,금능태왁,,,"이탈리아 요리, 아시아 요리, 한국, 그릴, 펍, 퓨전",,"점심식사, 저녁식사",
1657,돈가,,,"아시아 요리, 한국",,,
1658,월정어촌계식당,,,"아시아 요리, 한국",,,
1659,한가네 등갈비 전문점,,,,,"아침식사, 점심식사, 저녁식사",
1660,더 앨리 - 제주 연동점,"It’s time for Tea! A good cup of tea is hidden within each and every one’s heart. On that relaxing afternoon, bath in sunshine’s’ warmth, sprinkle by breezy wind, charmed by a lover’s smile, fulfilled by the pleasing aftertaste. Reminisce the touching satisfaction from that first cup of good tea, to share this delight with everyone, to keep up with this originality, give rise to “The Alley”.","₩4,000 - ₩5,800",카페,,,
1661,꽃밥,,,,,,
1662,호로록,,,"인터내셔널, 아시아 요리, 한국",,,
1663,탑해장국,,,"아시아 요리, 한국",,,
1664,New Jersey cafe,,,"미국 요리, 자가 맥주 판매pub, 아시아 요리, 한국, 영국 요리, 펍",,,
1665,지상,,,스시,,,
1666,먹자씨연탄구이,,,,,,
1667,투윙 - 제주외도점,,,아시아 요리,,,
1668,밥&펍,,,,채식주의 식단,,
1669,원조흑돼지산야초쌈밥,,,,,,
1670,포 차,모던한 감성이 살아 숨쉬는 포차는 세련되고 트렌디한 인테리어를 자랑합니다. 제주 전경이 내려다 보이는 트렌디하고 특색있는 공간에서 현대적으로 재해석된 한국의 대표 안주 메뉴와 주류를 즐겨보세요. 남녀노소 누구나 포차에서 색다른 다이닝 경험을 할 수 있습니다.,"₩30,000 - ₩200,000","해산물, 아시아 요리, 한국, 그릴, 펍, 길거리 음식",,저녁식사,
1671,배스킨라빈스 제주중앙,,,,,,
1672,배스킨라빈스 제주대학교,,,,,,
1673,김가네 제주화북점,,,"아시아 요리, 한국",,,
1674,김가네 제주외도점,,,"아시아 요리, 한국",,,
1675,김가네 제주한라대점,,,"아시아 요리, 한국",,,
1676,김가네 제주탑동점,,,"아시아 요리, 한국",,,
1677,김가네 제주일도점,,,"아시아 요리, 한국",,,
1678,김가네 도남점,,,"아시아 요리, 한국",,,
1679,면차롱,,,"중국 요리, 아시아 요리, 한국",,,
1680,배스킨라빈스 제주법원,,,,,,
1681,스시황,,,,,,
1682,죽이야기 제주 노형점,,,"아시아 요리, 한국",,,
1683,죽이야기 구제주점,,,"아시아 요리, 한국",,,
1684,Sunwoosusan,,,"해산물, 스시, 아시아 요리, 한국",,,
1685,배스킨라빈스 제주화북,,,,,,
1686,제주 마꼬또,,,"아시아 요리, 한국, 퓨전",,,
1687,오빠밥줘,,,"아시아 요리, 한국, 퓨전",,"점심식사, 저녁식사",
1688,홍요깃거리카페,,,"아시아 요리, 한국",,,
1689,갈치공장,,"₩12,000 - ₩30,000","해산물, 아시아 요리, 한국",,,
1690,주르레식당,,,"아시아 요리, 한국, 컨템퍼러리, 퓨전",,,
1691,빠레뜨 한남 제주협재점,,,,,"점심식사, 저녁식사",
1692,Seppy Bagel,,,미국 요리,,,
