,category,name,location,tag,like,pick,review,rating
0,음식점,봄날카페,애월,"['카페 ', '커피 ', '음료']",43,558,141,5
1,음식점,명진전복,구좌,"['전복 ', '돌솥밥 ', '회']",27,537,66,4
2,음식점,몽상드애월(몽상),애월,"['카페 ', '커피 ', '음료 ', '디저트']",18,420,66,4
3,음식점,서연의집(영화 건축학개론),남원,"['카페 ', '커피 ', '아메리카노']",14,217,66,5
4,음식점,제주김만복(만복이네김밥집),제주시내,"['전복김밥 ', '통전복주먹밥 ', '미역국']",62,1006,60,4
5,음식점,리치망고,애월,"['스페셜망고쉐이크 ', '망고라떼 ', '수제망고코코넛잽 ', '망고코코넛쿠키 ', '카페 ', '망고']",29,461,59,4
6,음식점,르쉬느아 (Le Chinois),안덕,"['중국음식 ', '딤섬 ', '북경오리 ', '불도장']",48,49,53,5
7,음식점,카페공작소,구좌,"['카페 ', '수제케이크 ', '에이드 ', '제주음료']",10,172,51,5
8,음식점,濟州膳제주선,안덕,"['한식 ', '흑돼지 ', '한우 ', '갈치 ', '고소리술']",34,97,45,5
9,음식점,하하호호(HAHAHOHO),우도,"['흑돼지수제버거 ', '수제버거 ', '땅콩아이스크림']",4,164,43,4
10,음식점,올래국수,제주시내,"['고기국수 ', '한식 ', '향토음식']",37,753,42,4
11,음식점,우유부단,한림,"['카페 ', '디저트 ', '아이스크림 ', '우유']",10,213,38,5
12,음식점,델문도,조천,"['카페 ', '커피 ', '빙수']",17,251,37,4
13,음식점,스카이 온 파이브 다이닝,안덕,"['스카이온파이브그릴 ', '스테이크 ', '와인 ', '레스토랑']",27,28,35,5
14,음식점,우진해장국,제주시내,"['해장국 ', '고사리육개장 ', '사골해장국 ', '녹두빈대떡']",15,235,33,5
15,음식점,춘심이네,안덕,"['무슬림 ', '갈치조림 ', '통갈치 ', '은갈치']",8,257,31,5
16,음식점,테라로사,서귀포시내,"['커피 ', '빵 ', '카페 ', '원두']",6,159,31,5
17,음식점,마노르블랑,안덕,"['카페 ', '커피 ', '음료 ', '애프터눈티']",9,97,30,5
18,음식점,가시아방,성산,"['고기국수 ', '비빔국수 ', '향토음식']",12,372,29,4
19,음식점,카페콜라,한림,"['콜라 ', '체리콕 ', '고르곤졸라피자 ', '커피콕']",0,110,28,5
20,음식점,키친오즈,한림,"['카페 ', '파스타 ', '음료 ', '애견동반 ', '핑크뮬리']",2,46,28,5
21,음식점,돈사돈,제주시내,"['근고기 ', '연탄구이 ', '목살 ', '오겹살 ', '흑돼지']",23,452,27,4
22,음식점,구좌상회,구좌,"['카페 ', '케이크 ', '음료']",5,154,24,4
23,음식점,애월더선셋,애월,"['카페 ', '커피 ', '브런치']",9,147,24,5
24,음식점,지미스,우도,"['샤베트 ', '아이스크림 ', '우도땅콩아이스크림 ', '카페']",1,49,23,4
25,음식점,수우동,한림,"['돈까스 ', '우동 ', '일식']",6,178,22,5
26,음식점,앤트러사이트,한림,"['카페 ', '커피 ', '아메리카노']",10,124,21,4
27,음식점,우도왕자이야기,우도,"['카페 ', '아이스크림 ', '한라봉아이스크림']",1,18,21,5
28,음식점,명랑스낵,한림,"['떡볶이 ', '왕새우튀김 ', '흑돼지튀김 ', '생맥주 ', '짜장떡볶이']",9,180,20,4
29,음식점,바다다,서귀포시내,"['음료 ', '칵테일 ', '버거']",7,135,20,5
30,음식점,최고집,서귀포시내,"['항정상 ', '오겹살 ', '속풀이라면']",12,77,20,5
31,음식점,운정이네,안덕,"['갈치조림 ', '정식 ', '고등어구이 ', '갈치구이 ', '고등어조림']",3,128,19,4
32,음식점,망고레이,우도,"['망고음료 ', '음료 ', '카페']",1,30,18,5
33,음식점,바보카페,구좌,"['카페 ', '댕유차 ', '한라봉']",3,83,18,4
34,음식점,월정리로와,구좌,"['카페 ', '커피 ', '케이크']",1,12,18,4
35,음식점,순옥이네 명가,제주시내,"['전복물회 ', '성게미역국 ', '해물뚝배기 ', '전복 ', '성게']",16,270,17,4
36,음식점,카페마니,구좌,"['카페 ', '커피 ', '아메리카노']",4,38,17,4
37,음식점,풍림다방,구좌,"['브뤠베 ', '커피 ', '카페']",2,68,17,5
38,음식점,고래라면,성산,"['라면 ', '국수 ', '비빔국수']",6,140,16,5
39,음식점,블랑로쉐,우도,"['카페 ', '크림라떼 ', '케이크 ', '음료']",4,45,16,5
40,음식점,섬소나이,우도,"['짬뽕 ', '피자 ', '땅콩아이스크림']",12,53,16,5
41,음식점,요리하는 목수,애월,"['수제버거 ', '햄버거 ', '돈가스 ', '해물짬뽕']",1,92,16,4
42,음식점,고집돌우럭(제주공항점),제주시내,"['우럭 ', '우럭조림 ', '우럭매운탕']",12,137,15,4
43,음식점,벵디,구좌,"['덮밥 ', '톳밥 ', '돌문어']",4,168,15,4
44,음식점,쉬림프박스,구좌,"['커플 ', '혼자 ', '새우']",2,103,15,4
45,음식점,치치퐁,안덕,"['아이스크림 ', '토끼아이스크림 ', '카페']",5,83,15,4
46,음식점,로뎀가든,우도,"['흑돼지주물럭 ', '한라산볶음밥 ', '한치해물파전']",1,18,13,4
47,음식점,살롱드라방 SALON de LAVANT,애월,"['카페 ', '팬케이크 ', '브런치']",7,61,13,4
48,음식점,우도 풍원,우도,"['돼지주물럭 ', '한라산볶음밥 ', '한치주물럭']",1,24,13,4
49,음식점,카페세바,조천,"['카페 ', '곡물라떼 ', '보리빵 ', '자몽아이스티']",0,21,13,4
50,음식점,고집돌우럭(중문),중문,"['우럭 ', '우럭조림 ', '우럭매운탕']",15,139,12,5
51,음식점,맛나식당,성산,"['한식 ', '갈치조림 ', '고등어조림']",3,128,12,4
52,음식점,비어라운드(Be around),구좌,"['카페 ', '커피 ', '주스 ', '케이크 ', '당근']",3,17,12,5
53,음식점,산방식당(모슬포본점),대정,"['밀냉면 ', '비빔밀냉면 ', '수육 ', '한식 ', '향토음식']",6,248,12,4
54,음식점,피어22,한림,"['해산물찜 ', '해산물 ', '딱새우']",6,146,12,5
55,음식점,국수의전설,서귀포시내,"['고기국수 ', '보말칼국수 ', '수육 ', '향토음식 ', '한식']",9,127,11,5
56,음식점,성산회관,성산,"['볶음밥 ', '파스타 ', '전복밥 ', '퓨전']",2,80,11,4
57,음식점,평대스낵,구좌,"['분식 ', '떡볶이 ', '튀김']",2,46,11,4
58,음식점,한림칼국수,한림,"['칼국수 ', ' 보말 ', ' 보말칼국수']",7,161,11,5
59,음식점,경미네집(경미휴게소),성산,"['해물라면 ', '전복밥 ', '성게밥 ', '한식']",2,44,10,4
60,음식점,국수마당,제주시내,"['향토음식 ', '고기국수 ', '콩나물국밥 ', '아강발 ', '몸국']",5,59,10,4
61,음식점,국수바다 본점,서귀포시내,"['고기국수 ', '성게국밥 ', '회국수 ', '비빔국수']",2,79,10,4
62,음식점,미친부엌,제주시내,"['퓨전 ', '주점 ', '크림짬뽕 ', '혼술 ', '혼밥']",8,83,10,5
63,음식점,슬슬슬로우,구좌,"['돔베고기샌드위치 ', '돔베라면 ', '돔베덮밥']",2,71,10,5
64,음식점,유동커피,서귀포시내,"['카페 ', '커피 ', '음료 ', '스페셜커피']",1,20,10,5
65,음식점,교래손칼국수,조천,"['메밀야채전 ', '칼국수 ', '토종닭칼국수 ', '바지락칼국수']",4,74,9,4
66,음식점,동복리해녀촌,구좌,"['전복죽 ', '회국수 ', '성게국수']",0,32,9,5
67,음식점,명당양과,제주시내,"['빵집 ', '베이커리 ', '디저트 ', '쑥찐빵 ', '우유식빵']",20,60,9,5
68,음식점,바당봉봉,구좌,"['커피 ', '음료 ', '카페']",1,18,9,5
69,음식점,빨간모자마법사,안덕,"['흑돼지 ', '수제버거 ', '짬뽕']",1,37,9,4
70,음식점,사형제횟집,한림,"['딱새우 ', '고등어회 ', '횟집']",3,39,9,5
71,음식점,아뜰리에 제주명월,안덕,"['카페 ', '디저트 ', '티라미수']",0,22,9,4
72,음식점,양가형제,한경,"['버거 ', '수제버거 ', '맥주 ', '음료']",3,40,9,4
73,음식점,어진이네횟집,서귀포시내,"['회 ', '횟집 ', '자리물회 ', '물회']",8,164,9,4
74,음식점,연미정,구좌,"['전복구이 ', '전복죽 ', '전복가마솥밥 ', '전복회']",4,53,9,4
75,음식점,웅스키친,제주시내,"['스테이크 ', '치아바타 ', '샌드위치 ', '파스타']",0,32,9,5
76,음식점,월정리에서브런치,구좌,"['돔베고기샌드위치 ', '당감사 ', '카페 ', '브런치']",0,13,9,4
77,음식점,톰톰카레,구좌,"['카레 ', '야채카레 ', '콩카레 ', '반반카레']",1,45,9,5
78,음식점,해월정,구좌,"['보말칼국수 ', '성게물회 ', '보말죽 ', '향토음식']",1,84,9,4
79,음식점,꿈꾸는 흰당나귀,제주시내,"['카페 ', '커피 ', '빙수 ', '말차빙수']",0,17,8,5
80,음식점,닐모리동동,제주시내,"['오징어튀김먹물파스타 ', '한라산빙수 ', '우도땅콩팬케이크 ', '지름떡팬케이크 ', '향토음식']",4,40,8,4
81,음식점,라붕제주 cafe,제주시내,"['카페 ', '해물라면 ', '디저트 ', '음료']",13,14,8,5
82,음식점,메종드쁘띠푸루,제주시내,"['빵집 ', '베이커리 ', '파이 ', '타르트']",1,115,8,5
83,음식점,목포고을,서귀포시내,"['목살 ', '오겹살 ', '열무국수 ', '김치찌개']",3,39,8,5
84,음식점,바다속고등어쌈밥,애월,"['갈치조림 ', '옥돔구이 ', '해물뚝배기 ', '한치물회 ', '쌈밥']",0,45,8,4
85,음식점,바람벽에흰당나귀,구좌,"['카페 ', '음료 ', '주스 ', '말차빙수']",3,43,8,4
86,음식점,복자씨연탄구이,성산,"['근고기 ', '흑돼지 ', '김치찌개']",2,45,8,4
87,음식점,서광춘희,안덕,"['꼬치커틀렛 ', '춘희면 ', '성게 ', '한식']",2,36,8,4
88,음식점,성읍칠십리식당,표선,"['삼겹살 ', '초벌구이 ', '흑돼지']",3,62,8,5
89,음식점,수두리보말칼국수,중문,"['톳보말칼국수 ', '톳성게칼국수 ', '칼국수']",13,134,8,4
90,음식점,에스프레소 라운지,제주시내,"['카페 ', '디저트 ', '베이커리카페']",1,9,8,4
91,음식점,올레7돈 (올레칠돈),서귀포시내,"['흑돼지 ', '연탄구이 ', '김치찌개 ', '된장찌개']",9,71,8,5
92,음식점,중앙식당,안덕,"['성게보말국 ', '갈치국 ', '갈치구이 ', '한식']",0,18,8,4
93,음식점,쪼끌락,구좌,"['카페 ', '커피 ', '라떼']",1,18,8,4
94,음식점,코코마마,성산,"['에이드 ', '파인애플볶음밥 ', '랍스터 ', '씨푸드']",0,25,8,5
95,음식점,행복한국수집,제주시내,"['잔치국수 ', '비빔국수 ', '고기국수']",3,10,8,5
96,음식점,노라바,애월,"['해물라면 ', '돌문어 ', '맥주']",0,50,7,5
97,음식점,덕인당보리빵,조천,"['보리빵 ', '쑥빵 ', '팥보리빵']",2,26,7,4
98,음식점,독개물항,한림,"['오분자기 ', '해물뚝배기 ', '향토음식 ', '보말물회']",1,58,7,5
99,음식점,레드팬더,제주시내,"['중식 ', '짬뽕 ', '짜장']",7,9,7,5
100,음식점,마마롱(애월),애월,"['카페 ', '디저트 ', '커피 ', '에끌레어']",0,27,7,5
101,음식점,만덕이네,표선,"['향토음식 ', '갈치조림 ', '두루치기 ', '접짝뼈국']",0,90,7,4
102,음식점,만선식당,대정,"['횟집 ', '고등어회 ', '고등어조림 ', '한치회']",0,42,7,5
103,음식점,망고홀릭 제주본점,제주시내,"['망고 ', '카페 ', '퓨전음식디저트 ', '신선로코코넛빙수 ', '망고홀릭디저트']",3,20,7,5
104,음식점,스시호시카이,제주시내,"['스시 ', '일식 ', '오마카세 ', '회 ', '초밥']",1,27,7,5
105,음식점,신설오름,제주시내,"['몸국 ', '돔베고기 ', '한치회 ', '한치물회']",0,41,7,4
106,음식점,연화키친,애월,"['오징어치즈떡볶이 ', '파스타 ', '리조또']",0,20,7,4
107,음식점,오라숲소리,제주시내,"['매화한정식 ', '흑돼지떡갈비 ', '한식']",6,77,7,5
108,음식점,와랑와랑카페,남원,"['카페 ', '영귤차 ', '영귤에이드 ', '감귤스무디 ', '찰떡구이']",1,33,7,5
109,음식점,지금이순간,애월,"['카페 ', '드립커피 ', '수제티라미수']",0,15,7,4
110,음식점,카이로스,애월,"['카페 ', '브런치 ', '오가닉카페 ', '유기농']",0,21,7,5
111,음식점,카페쉼표,한림,"['커피 ', '빙수']",1,73,7,5
112,음식점,흑돈가,제주시내,"['근고기 ', '흑돼지 ', '멜젓 ', '숯불구이']",1,99,7,5
113,음식점,흑돼지구이집 하영,중문,"['흑돼지 ', '양념갈비 ', '전복어 ', '한식']",5,130,7,4
114,음식점,갓포하루,중문,"['일식 ', '사시미 ', '회 ', '갓포요리 ', '이자카야']",14,40,6,5
115,음식점,기억나는집,서귀포시내,"['해물탕 ', '전복 ', '갈치조림']",0,23,6,4
116,음식점,김희선몸국,제주시내,"['몸국 ', '향토음식 ', '한식']",7,143,6,5
117,음식점,낭뜰에쉼팡,조천,"['낭뜰정식 ', '한식 ', '비빔밥']",1,91,6,5
118,음식점,더파크뷰(신라호텔),중문,"['뷔페 ', '호텔뷔페 ', '브런치뷔페']",3,13,6,5
119,음식점,랜딩 다이닝(Landing dining),안덕,"['뷔페 ', ' 양식 ', ' 랜딩다이닝']",5,5,6,5
120,음식점,북촌에가면,조천,"['카페 ', '커피 ', '디저트 ', '정원']",3,32,6,5
121,음식점,사계바다,안덕,"['갈치 ', '전복 ', '오징어 ', '횟집']",1,41,6,5
122,음식점,산도롱맨도롱,성산,"['고기국수 ', '돔베고기 ', '왕만두 ', '주먹밥']",2,30,6,5
123,음식점,쌀다방,제주시내,"['카페 ', '라떼 ', '밀크티 ', '에이드 ', '쌀다방라떼']",1,18,6,5
124,음식점,쌍둥이횟집본점,서귀포시내,"['회 ', '횟집 ', '초밥 ', '스시 ', '생선구이']",2,71,6,5
125,음식점,아라파파 a la papa,제주시내,"['베이커리 ', '홍차밀크잼 ', '제주도3대빵집']",2,55,6,4
126,음식점,아시안 푸드 스트리트,안덕,"['푸드트럭 ', '우육면 ', '꼬치구이']",5,9,6,5
127,음식점,전설의마녀,애월,"['돈까스 ', '볶음밥 ', '떡볶이 ', '낙지해물생라면 ', '전보해물볶음밥']",0,18,6,4
128,음식점,제주미향,중문,"['통갈치구이 ', '회 ', '조림 ', '횟집 ', '한식']",2,41,6,3
129,음식점,제주올레냉면 제주노형점,제주시내,"['냉면 ', '비빔냉면 ', '물냉면']",7,27,6,5
130,음식점,젠하이드어웨이,안덕,"['차롱박스 ', '까수엘라 ', '팟타이 ', '디저트 ', '케이크']",4,25,6,4
131,음식점,천해천,제주시내,"['샤브샤브 ', '뷔페 ', '전복돌솥밥 ', '쇠고기 ', '양고기 ', '무슬림프렌들리']",1,83,6,5
132,음식점,치저스,구좌,"['스테이크 ', '치즈 ', '양식']",0,42,6,5
133,음식점,카페태희,애월,"['피쉬앤칩스 ', '새우튀김 ', '감자튀김 ', '커피']",0,19,6,3
134,음식점,협재해녀의집,한림,"['해물라면 ', '해물죽 ', '해산물조림 ', '해산물구이 ', '해물뚝배기']",2,102,6,5
135,음식점,88버거,서귀포시내,"['햄버거 ', '크림소스버거 ', '흑돼지버거']",2,51,5,4
136,음식점,거멍국수,안덕,"['우수관광사업체 ', '고기국수 ', '성게국수 ', '회국수']",1,45,5,5
137,음식점,고불락,애월,"['제육볶음 ', '상추밥 ', '한식']",3,41,5,4
138,음식점,고서방해물탕,대정,"['해물탕 ', ' 갈치조림 ', ' 대정']",5,8,5,5
139,음식점,곰막,구좌,"['회국수 ', '성게국수 ', '회비빔밥']",2,98,5,4
140,음식점,그리운바다성산포,성산,"['고등어회 ', '은갈치회 ', '횟집']",4,38,5,4
141,음식점,김지순의 낭푼밥상,애월,"['한식코스 ', '한식 ', '향토음식 ', '제주요리 ', '전통주']",1,57,5,4
142,음식점,노을언덕,제주시내,"['카페 ', '커피 ', '아이스크림']",2,17,5,4
143,음식점,다가미(도남),제주시내,"['김밥 ', '왕김밥 ', '샌드위치 ', '분식']",1,17,5,4
144,음식점,레이지박스,안덕,"['카페 ', '커피 ', '당근케이크 ', '디저트 ', '당근 ', '케이크']",0,3,5,3
145,음식점,리치망고우도점,우도,"['망고음료 ', '카페 ', '스페셜망고쉐이크']",1,6,5,4
146,음식점,메콩스카이,제주시내,"['동남아식 ', '베트남요리 ', '쌀국수']",0,7,5,5
147,음식점,명리동식당,한경,"['자투리고기 ', '뒷고기 ', '한식']",1,25,5,4
148,음식점,문동일셰프녹차고을,애월,"['칼국수 ', '전복구이 ', '고사리육개장 ', '흑돼지안심 ', '떡갈비 ', '한식대첩 ', '우수관광사업체']",3,30,5,4
149,음식점,미영이네식당,대정,"['고등어회 ', '해물탕 ', '방어회']",2,45,5,4
150,음식점,민경이네어등포해녀촌,구좌,"['우럭정식 ', '물회국수 ', '우럭튀김']",0,37,5,5
151,음식점,바다풍경횟집,제주시내,"['횟집 ', '활어회 ', '소라 ', '문어']",1,70,5,5
152,음식점,백양닭집,제주시내,"['치킨 ', '후라이드치킨 ', '통닭']",1,26,5,4
153,음식점,버터모닝,애월,"['카페 ', '빵집 ', '치즈타르트']",0,33,5,4
154,음식점,봉끄랑,우도,"['버거 ', '수제버거 ', '땅콩빵']",2,13,5,5
155,음식점,부두식당 (모슬포),대정,"['조림 ', '갈치조림 ', '우럭조림 ', '쥐치조림 ', '방어']",4,33,5,5
156,음식점,붉은제주,애월,"['삼합 ', '전복 ', '두루치기']",5,73,5,5
157,음식점,삼다도횟집,제주시내,"['광어회 ', '참돔 ', '고등어회 ', '한식 ', '횟집']",2,25,5,5
158,음식점,삼대국수회관 신제주점,제주시내,"['고기국수 ', '비빔국수 ', '멸치국수 ', '국수']",0,43,5,5
159,음식점,서귀포네거리식당,서귀포시내,"['갈치조림 ', '갈치국 ', '갈치구이']",6,69,5,5
160,음식점,안녕육지사람,우도,"['땅콩잼 ', '땅콩아이스크림 ', '음료 ', '흑돼지버거 ', '에이드']",0,25,5,5
161,음식점,앞뱅디식당,제주시내,"['각재기국 ', '멜국 ', '고등어구이 ', '한식 ', '향토음식']",1,41,5,5
162,음식점,오가네전복설렁탕,서귀포시내,"['설렁탕 ', '물회냉면 ', '손만두']",1,43,5,5
163,음식점,오는정김밥,서귀포시내,"['김밥 ', '분식 ', '오는정김밥']",4,97,5,4
164,음식점,우도면파전리,우도,"['라면 ', '해물파전 ', '꽃게라면 ', '해물라면 ', '문어라면']",0,7,5,5
165,음식점,우도해녀식당,우도,"['보말칼국수 ', '보말죽 ', '우도땅콩아이스크림 ', '성게미역국']",0,22,5,5
166,음식점,제주다음,서귀포시내,"['차 ', ' 티']",3,4,5,5
167,음식점,제주도그릴,조천,"['흑돼지 ', '밀면 ', '숯불구이 ', '우수관광사업체']",2,27,5,5
168,음식점,중문덤장,서귀포시내,"['돔베고기 ', '향토음식 ', '갈치조림 ', '고등어구이 ', '보말국 ', '우수관광사업체']",1,24,5,5
169,음식점,철가방을든해녀,마라도,"['짜장면 ', '톳짜장면 ', '짬뽕 ', '탕수육']",2,14,5,3
170,음식점,한치앞도모를바다,한림,"['분식 ', '즉석떡볶이 ', '해산물']",0,13,5,4
171,음식점,허파곶자왈화덕피자,안덕,"['화덕피자 ', '피자 ', '음료']",0,26,5,4
172,음식점,호박다방,애월,"['카페 ', '호박라떼 ', '단호박케이크 ', '수박케이크 ', '당근케이크 ', '녹차라떼 ', '호박']",3,30,5,4
173,음식점,황금손가락,제주시내,"['초밥 ', '스시 ', '우동 ', '튀김 ', '소바']",0,10,5,5
174,음식점,가파도해물짜장짬뽕,가파도,"['짜장면 ', '해물짬뽕 ', '짬뽕 ', '해물짜짱']",0,4,4,5
175,음식점,곱들락,구좌,"['흑돼지 ', '전복 ', '오꼬노미야끼 볶음밥 ', '한식']",1,21,4,5
176,음식점,남경미락,안덕,"['지리 ', '회 ', '횟집 ', '다금바리 ', '돌돔 ', '자연산']",1,10,4,5
177,음식점,늘봄흑돼지,제주시내,"['흑돼지 ', '갈비따로덮밥 ', '한식']",3,42,4,5
178,음식점,대수길다방,구좌,"['기념품 ', '캔들 ', '바당캔들 ', '핸드드립']",0,16,4,5
179,음식점,대우정,서귀포시내,"['해물뚝배기 ', '전복 ', '돌솥밥 ', '고등어']",7,111,4,5
180,음식점,대원가,제주시내,"['무슬림 ', '해산물 ', '활전복 ', '해물탕 ', '전복죽 ', '옥돔구이']",0,6,4,5
181,음식점,메밀꽃차롱,제주시내,"['꿩 ', '전골 ', '메밀쟁반국수']",1,11,4,4
182,음식점,모루쿠다,서귀포시내,"['덮밥 ', '생선회 ', '라멘']",6,9,4,5
183,음식점,물꼬해녀의집,우도,"['해산물 ', '문어라면 ', '보말죽 ', '전복라면']",0,11,4,4
184,음식점,바굥식당,서귀포시내,"['진어에일 ', '진저비어 ', '정식']",2,12,4,5
185,음식점,바다는안보여요,구좌,"['카페 ', '당근주수 ', '제주당근']",0,3,4,5
186,음식점,바다를본돼지(판포점),한경,"['돼지고기 ', '해산물 ', '된장찌개 ', '한식']",1,31,4,5
187,음식점,보스코화덕피자,제주시내,"['샐러드 ', '피자 ', '화덕피자 ', '돈까스 ', '양식']",1,21,4,5
188,음식점,산지물식당(건입동본점),제주시내,"['활어회 ', '횟집 ', '물회 ', '활한치물회']",0,64,4,5
189,음식점,새콤달콤,제주시내,"['망고주스 ', '음료 ', '수제아이스크림 ', '디저트']",3,20,4,5
190,음식점,생돈우리,제주시내,"['흑돼지 ', '근고기 ', '목살']",4,70,4,5
191,음식점,섭지코지 해녀밥상,성산,"['정식 ', '해산물 ', '전복구이 ', '소라 ', '성게 ', '해삼']",4,107,4,5
192,음식점,성산해오름식당,성산,"['갈치조림 ', '문어해물라면 ', '성게알비빔밥']",0,26,4,4
193,음식점,소곱에,구좌,"['해물파전 ', '짬뽕라면 ', '라면 ', '파전']",0,15,4,4
194,음식점,쓰담뜨담,안덕,"['카페 ', '공방카페 ', '음료 ', '커피']",1,23,4,5
195,음식점,어부피자,성산,"['랍스터피자 ', '피자 ', '양식']",0,22,4,4
196,음식점,영림흑돼지가든,한림,"['흑돼지 ', ' 한림 ', ' 오겹살 ', ' 갈비 ', ' 냉면']",8,5,4,5
197,음식점,옛날옛적,성산,"['돔베고기 ', '해물뚝배기 ', '해산물']",0,29,4,5
198,음식점,옥돔식당,대정,"['보말칼국수 ', '칼국수 ', '손칼국수']",6,109,4,4
199,음식점,올레수산회센터,서귀포시내,"['횟집 ', '회국수 ', '회덮밥 ', '한식 ', '옥돔구이 ', '향토음식']",1,57,4,5
200,음식점,와토커피,대정,"['카페 ', '커피 ', '비엔나커피 ', '와토알프스']",2,25,4,5
201,음식점,우도자연,우도,"['해물짬뽕 ', '해물라면 ', '해물짜장 ', '회덮밥 ', '갈치조림 ', '우럭조림']",0,1,4,5
202,음식점,우도해광식당,우도,"['우도성게비빔밥 ', '보말전복톳칼국수 ', '칼국수 ', '비빔밥']",1,11,4,5
203,음식점,우드스탁,구좌,"['카페 ', '쉐이크 ', '커피']",0,5,4,4
204,음식점,우수미회센타,제주시내,"['회 ', '횟집 ', '모둠회 ', '초밥 ', '세꼬시']",0,1,4,4
205,음식점,은희네해장국 (일도점),제주시내,"['해장국 ', '내장탕 ', '소고기해장국']",7,38,4,5
206,음식점,인더오조,성산,"['케이크 ', '수제케이크 ', '카페']",1,17,4,4
207,음식점,일통이반,제주시내,"['해산물 ', '문어회 ', '해물탕 ', '우럭조림 ', '보말죽']",2,27,4,5
208,음식점,제스피,제주시내,"['맥주 ', '제주맥주 ', '스트롱에일']",0,7,4,5
209,음식점,제주감귤호떡집,대정,"['호떡 ', '잡채호떡 ', '감귤호떡']",2,25,4,5
210,음식점,제주명가두루치기,서귀포시내,"['전복죽 ', '두루치기 ', '옥돔구이 ', '소불고기 ', '한식']",0,12,4,4
211,음식점,제주해물밥,제주시내,"['제주해물밥 ', '성게밥 ', '전복성게미역국 ', '용궁조림']",3,139,4,5
212,음식점,제주흑돈세상수라간,서귀포시내,"['흑돼지 ', '치자밥 ', '한식']",1,67,4,5
213,음식점,카페 사우다드,한경,"['카페 ', '커피 ', '디저트 ', '수제음료']",6,51,4,5
214,음식점,카페루시아,안덕,"['카페 ', '커피 ', '아메리카노']",0,12,4,5
215,음식점,파파야 수제버거,성산,"['말고기버거 ', '흑돼직버거 ', '말육회 ', '말초밥']",4,6,4,5
216,음식점,퍼시픽 리솜 엘마리노 뷔페,중문,"['활어회 ', '대게 ', '돔베고기 ', '뷔페 ', '우수관광사업체']",0,35,4,5
217,음식점,평대성게국수,구좌,"['성게국수 ', '소라비빔국수 ', '문어숙회 ', '향토음식']",4,51,4,5
218,음식점,피노키오,우도,"['수제버거 ', '버거 ', '땅콩아이스크림 ', '음료']",0,4,4,5
219,음식점,피자굽는돌하르방,한경,"['피자 ', '고구마피자 ', '감자피자 ', '불고기피자 ', '김치피자']",0,19,4,5
220,음식점,핀크스 비오토피아,안덕,"['마르게리따피자 ', ' 성게파스타 ', ' 우영팟코스 ', ' 흑돼지 스테이크']",0,9,4,5
221,음식점,해녀식당(동복리),구좌,"['해초회덮밥 ', '감귤회국수 ', '보말미역국 ', '횟집 ', '향토음식']",1,25,4,3
222,음식점,화로향,제주시내,"['흑돼지 ', '생고기구이 ', '한식']",0,24,4,4
223,음식점,회양과 국수군,우도,"['회 ', '해물탕 ', '해산물']",0,10,4,4
224,음식점,가파도 용궁정식,대정,"['한식 ', '정식 ', '해물밥 ', '회']",0,0,3,3
225,음식점,귤꽃,조천,"['카페 ', '커피 ', '귤카페']",2,13,3,5
226,음식점,글라글라하와이,대정,"['피쉬앤칩스 ', '해물찜 ', '디저트']",0,16,3,4
227,음식점,담아래,안덕,"['딱새우간장밥 ', '한라산버섯밥 ', '뿔소라톳밥 ', '한식']",0,25,3,4
228,음식점,대니스카페,우도,"['카페 ', '음료 ', '우도땅콩아이스크림 ', '커피']",0,2,3,5
229,음식점,덕승식당(구관),대정,"['회 ', '객주리조림 ', '갈치조림']",3,29,3,4
230,음식점,도두해녀의집,제주시내,"['해산물 ', '물회 ', '전복 ', '성게 ', '한치']",1,78,3,5
231,음식점,돈사촌 외도점,제주시내,"['흑돼지 ', '김치찌개 ', '한식']",0,41,3,5
232,음식점,면뽑는선생 만두빚는아내,한림,"['손만둣국 ', '만두전골 ', '한우사골만둣국 ', '한우수육버섯만두전골']",1,16,3,4
233,음식점,명품진전복해물탕,제주시내,"['전복해물탕 ', '전복칼국수 ', '한식']",6,31,3,5
234,음식점,문어빵굽는문빵9,우도,"['문어빵 ', '한라봉에이드 ', '전구한라봉주스 ', '땅콩아이스크림']",0,8,3,4
235,음식점,미엘드세화,구좌,"['카페 ', '커피 ', '케이크 ', '디저트']",0,7,3,4
236,음식점,미풍해장국 신제주점,제주시내,"['해장국백반 ', '한식 ', '해장국']",1,9,3,5
237,음식점,바다의집,성산,"['성게비빔밥 ', '성게미역국 ', '전복회덮밥 ', '한식 ', '향토음식']",0,58,3,5
238,음식점,비바리짬뽕,애월,"['짬뽕 ', '찹쌀탕수육 ', '중식']",0,4,3,4
239,음식점,뽈살집,서귀포시내,"['꽃돼지 ', '특수부위 ', '한식']",1,54,3,4
240,음식점,산방산초가집,안덕,['전복해물전골'],0,41,3,5
241,음식점,삼무국수,제주시내,"['고기국수 ', '회쟁반국수 ', '향토음식']",1,74,3,5
242,음식점,쇠소깍모꼬지,서귀포시내,"['두루치기 ', '고등어구이 ', '통갈치구이 ', '성게미역국 ', '한식']",0,14,3,4
243,음식점,숙이네보리빵,애월,"['빵집 ', '베이커리 ', '보리빵']",1,20,3,3
244,음식점,숨비나리카페,안덕,"['카페 ', '커피 ', '브런치 ', '감자튀김']",0,12,3,4
245,음식점,숨어있는집,조천,"['전복해물칼국수 ', '오빠가튀긴바삭닭 ', '칼국수']",0,20,3,4
246,음식점,쉬는팡가든,서귀포시내,"['흑돼지 ', '동치미국수 ', '한식']",1,34,3,5
247,음식점,시흥해녀의집,성산,"['해산물 ', '죽 ', '조개죽 ', '소라 ', '문어 ', '전복']",0,3,3,5
248,음식점,신의한모,애월,"['두부 ', '두부푸딩 ', '두부아이스크림 ', '덮밥']",0,46,3,4
249,음식점,아이스크림연구소(올레시장점),서귀포시내,"['아이스크림 ', '수제젤라또 ', '우도땅콩아이스크림']",1,27,3,5
250,음식점,아이스크림연구소(우도점),우도,"['아이스크림 ', '녹차아이스크림 ', '감귤아이스크림 ', '카페']",2,4,3,5
251,음식점,알라스카인제주,제주시내,"['아이스크림 ', '한라봉빙수 ', '유기농우유']",0,6,3,5
252,음식점,얌얌돈까스,구좌,"['돈까스 ', '우동 ', '막국수 ', '볶음밥']",0,2,3,4
253,음식점,엠 라운지 M Lounge,안덕,"['엠 아인슈페너 ', ' 오메기톡']",0,1,3,5
254,음식점,연동마라도횟집,제주시내,"['자리돔 ', '돌돔 ', '고등어 ', '방어 ', '횟집']",3,30,3,5
255,음식점,연이네,우도,"['성게해물라면 ', '한라봉에이드 ', '땅콩스무디 ', '아이스크림']",0,1,3,5
256,음식점,연정식당,제주시내,"['제육볶음 ', '옥돔구이 ', '청국장 ', '한식']",0,9,3,4
257,음식점,영주말가든,제주시내,"['말고기 ', '말곰탕 ', '말육회 ', '말불고기 ', '불고기전골']",0,20,3,5
258,음식점,우도에서썸타,우도,"['땅콩라떼 ', '커피 ', '음료 ', '카페']",0,2,3,5
259,음식점,유람위드북스,한경,"['북카페 ', '카페 ', '음료']",3,5,3,5
260,음식점,이춘옥원조고등어쌈밥,애월,"['고등어 ', '고등어쌈밥']",0,22,3,4
261,음식점,자자손손국수회관,제주시내,"['고기국수 ', '한식 ', '향토음식 ', ' 구삼대회관']",1,27,3,5
262,음식점,재복헌훠궈,안덕,"['사천식훠궈 ', '홍탕 ', '백탕']",3,4,3,5
263,음식점,제갈양,한림,"['갈치구이 ', '갈치조림 ', '한식']",0,32,3,5
264,음식점,제주유랑(푸드트럭),서귀포시내,"['커피 ', '음료 ', '샌드위치']",0,21,3,4
265,음식점,종종캐주얼다이닝,제주시내,"['카페 ', '다이닝펍 ', '햄버거스테이크 ', '딱새우파스타']",1,3,3,4
266,음식점,지붕위제주바다,구좌,"['떡볶이 ', '전복밥 ', '쫄탱떡볶이 ', '카페']",1,18,3,5
267,음식점,짬뽕에취한날,제주시내,"['짬뽕 ', '해물짬뽕 ', '갈비 ', '냉짬뽕 ', '중식']",0,24,3,4
268,음식점,청호식당,성산,"['문어라면 ', '성게비빔밥 ', '전복뚝배기 ', '갈치구이 ', '고등어조림']",0,12,3,5
269,음식점,초밥군커피씨,제주시내,"['초밥 ', '용초밥 ', '왕초밥 ', '일식']",3,19,3,4
270,음식점,카페동네,구좌,"['카페 ', '커피 ', '빙수']",0,6,3,4
271,음식점,카페동백,조천,"['카페 ', '커피 ', '에이드 ', '케이크 ', '브런치']",0,37,3,4
272,음식점,카페숑,남원,"['와플 ', '카페 ', '음료']",0,6,3,4
273,음식점,카페오름,성산,"['카페 ', '새우파스타 ', '문어전복토마토파스타 ', '흑돼지돈가스 ', '양식 ', 'illy커피']",0,21,3,4
274,음식점,키다리아저씨,우도,"['흑돼지 ', '해산물 ', '짬뽕 ', '돈까스']",0,5,3,5
275,음식점,토끼와거북이,제주시내,"['우수관광사업체 ', '갈치조림 ', '고등어구이 ', '돔베고기 ', '보말국 ', '한식']",0,8,3,5
276,음식점,티나케이크,서귀포시내,"['케이크 ', '쿠키 ', '음료']",1,13,3,5
277,음식점,판포분식,한경,"['분식 ', '떡볶이 ', '튀김']",0,16,3,5
278,음식점,하르방밀면(운동장점),제주시내,"['만두 ', '밀면 ', '보말칼국수']",0,23,3,5
279,음식점,하얀산호식당,우도,"['해물탕 ', '우럭탕 ', '한식']",0,1,3,4
280,음식점,하우스레서피,한림,"['당근케이크 ', '음료 ', '카페']",0,9,3,4
281,음식점,한라식당,표선,"['오겹살 ', '고사리 ', '쑥빈대떡 ', '옥돔구이']",0,20,3,4
282,음식점,헤이브라더,안덕,"['카페 ', '펍 ', '루프탑']",2,30,3,5
283,음식점,현옥식당,제주시내,"['정식 ', '두루치기 ', '한식 ', '김치찌개']",0,55,3,4
284,음식점,흑소랑,제주시내,"['흑소 ', '한우 ', '한식']",2,10,3,3
285,음식점,2093하우스,조천,"['흑돼지돈가스 ', '커피 ', '전복죽']",1,20,2,4
286,음식점,jival 지발,애월,"['양식 ', '파스타 ', '돈까스']",1,4,2,4
287,음식점,kim여사의밥상,대정,"['돈까스 ', '해물순두부 ', '매운돈까스']",0,6,2,5
288,음식점,가시식당,표선,"['고기국수 ', '수육 ', '순대 ', '두루치기 ', '몸국 ', '향토음식 ', '한식']",2,59,2,5
289,음식점,간이옥돔역,남원,"['카페 ', '음료 ', '커피 ', '토스트 ', '주스']",0,13,2,5
290,음식점,골막식당,제주시내,"['고기국수 ', '수육 ', '향토음식']",2,43,2,5
291,음식점,곽지박사장&김사장네,애월,"['문어라면 ', '고등어조림 ', '갈치조림 ', '성게미역국']",0,17,2,5
292,음식점,교래흑돼지,조천,"['흑돼지목살 ', '흑돼지오겹살 ', '해물된장찌개 ', '냉면']",1,26,2,4
293,음식점,국수장터,제주시내,"['국수 ', '순대국수 ', '비빔국수 ', '고기국수']",0,14,2,4
294,음식점,국시트멍,제주시내,"['국수 ', '고기몬딱국수 ', '멸치몬딱국수']",0,5,2,4
295,음식점,그러므로,제주시내,"['메리하하 ', '레드카 ', '카페']",0,3,2,5
296,음식점,그린정,중문,"['향토음식 ', '갈치 ', '고등어조림 ', '성게미역국 ', '전복구이']",1,7,2,5
297,음식점,깡촌흑돼지,조천,"['흑돼지 ', '김치찌개 ', '한식']",1,16,2,5
298,음식점,나나이로 아코제주,구좌,"['카페 ', '소품 ', '음료']",0,6,2,4
299,음식점,나원횟집,서귀포시내,"['회 ', '횟집 ', '일식']",1,6,2,5
300,음식점,난드르깡통구이,안덕,"['흑돼지 ', '연탄구이 ', '깡통구이']",1,11,2,4
301,음식점,남또리,애월,"['횟집 ', '돌멍게 ', '전복 ', '초밥 ', '일식']",0,4,2,4
302,음식점,다래향,조천,"['중식 ', '짬뽕 ', '전복짬뽕 ', '차돌짬뽕']",0,12,2,4
303,음식점,다육이풍경,서귀포시내,"['카페 ', '한라봉주스 ', '댕유자주스 ', '다육이주스 ', '주스']",2,7,2,5
304,음식점,달사막,조천,"['카페 ', '커피 ', '아메리카노']",0,4,2,4
305,음식점,달자카페,애월,"['카페 ', '커피 ', '스무디']",0,9,2,5
306,음식점,달잠키친,조천,"['흑돼지덮밥 ', '돌문어덮밥 ', '한라봉피자 ', '퓨전음식']",0,21,2,4
307,음식점,대박국수,제주시내,"['고기국수 ', '닭칼국수 ', '콩국수 ', '김치전']",0,2,2,5
308,음식점,덕성원,서귀포시내,"['꽃게짬뽕 ', '꽃게볶음 ', '탕수육 ', '중식']",2,51,2,5
309,음식점,도다모,제주시내,"['퓨전 ', '스테이크 ', '파스타 ', '리조또']",1,8,2,4
310,음식점,도두반점,제주시내,"['중식 ', '몸짬뽕 ', '짜장면 ', '탕수육']",1,5,2,4
311,음식점,돈이랑,중문,"['흑돼지 ', '보말칼국수 ', '김치찌개 ', '흑돼지']",1,13,2,4
312,음식점,등경돌식당,성산,"['해물전골 ', '통갈치구이 ', '고등어조림 ', '한식']",0,6,2,5
313,음식점,떡하니,구좌,"['즉석떡볶이 ', '볶음밥 ', '분식']",0,13,2,4
314,음식점,마로니에 미니골프카페,남원,"['휴식/힐링 ', '액티비티 ', '경관/포토']",3,3,2,5
315,음식점,마린보이횟집,제주시내,"['횟집 ', '북조기조림 ', '볼락탕수육']",0,9,2,5
316,음식점,마쇼,제주시내,"['일식 ', '회덮밥 ', '육회동 ', '데카동']",0,11,2,4
317,음식점,만원의행복,제주시내,"['회 ', '횟집 ', '자연산회 ', '지리 ', '구이']",0,8,2,5
318,음식점,명품한라봉아이스크림,성산,"['아이스크림 ', '땅콩아이스크림 ', '한라봉아이스크림']",0,21,2,5
319,음식점,모디카,한림,"['문어샐러드 ', '파스타 ', '모히또']",0,6,2,5
320,음식점,문화통닭,성산,"['치킨 ', '후라이드치킨 ', '양념치킨 ', '간장날개']",1,11,2,5
321,음식점,미나식탁,제주시내,"['일식 ', '카레 ', '함박스테이크 ', '퓨전']",0,4,2,5
322,음식점,미송식탁,제주시내,"['돼지찌개 ', '파불고기 ', '스팸구이']",0,3,2,5
323,음식점,바다위에코끼리,한림,"['카페 ', '디저트 ', '제주기념품']",0,12,2,5
324,음식점,보목해녀의집,서귀포시내,"['자리돔 ', '자리물회 ', '횟집 ', '일식']",0,5,2,4
325,음식점,봉you,안덕,"['나가사키짬뽕 ', '야채볶음 ', '돈까스']",1,13,2,4
326,음식점,블리케이크,제주시내,"['베이커리 ', '케이크 ', '디저트 ', '당근케이크']",0,6,2,5
327,음식점,비포크비스트로,서귀포시내,"['도시락 ', '흑돼지도시락 ', '팥빙수']",3,27,2,4
328,음식점,빵장수단팥빵,제주시내,"['빵집 ', '통단팥빵 ', '생크림단팥빵 ', '베이커리']",0,5,2,5
329,음식점,삼성혈해물탕,제주시내,"['해물탕 ', '전복뚝배기 ', '해물뚝배기 ', '전복회 ', '산낙지']",0,4,2,4
330,음식점,삼일식당,한림,"['선지해장국 ', '내장탕 ', '해장국 ', '한식']",0,8,2,5
331,음식점,선미식당,성산,"['전복죽 ', '옥돔구이 ', '전복뚝배기']",0,7,2,4
332,음식점,섭지해녀의집,성산,"['해산물 ', '전복죽 ', '성게칼국수 ', '전복회 ', '해삼']",0,26,2,4
333,음식점,섭지향,성산,"['갈치탕수어 ', '해물갈비짬뽕 ', '흑돼지전복돈가스']",0,9,2,4
334,음식점,성산흑돼지두루치기,성산,"['두루치기 ', '몸국 ', '한식 ', '향토음식']",1,14,2,4
335,음식점,쇠소깍오메기식당,서귀포시내,"['갈치조림 ', '옥돔구이 ', '성게미역국 ', '뚝배기']",0,6,2,5
336,음식점,수구레국밥,안덕,"['국밥 ', '해장국 ', '칼국수 ', '한식']",0,11,2,5
337,음식점,수복강녕,제주시내,"['한식 ', '떡갈비 ', '수제떡갈비']",0,3,2,4
338,음식점,순덕이네해산물장터,성산,"['전복죽 ', '해물탕 ', '성게톳밥 ', '돌문어볶음']",1,6,2,4
339,음식점,순천미향,안덕,"['제육볶음 ', '갈치조림 ', '고등어조림']",0,5,2,4
340,음식점,신산리마을카페,성산,"['카페 ', '아이스크림 ', '녹차 ', '초콜릿']",3,7,2,5
341,음식점,아일랜드팩토리,제주시내,"['카페 ', '커피 ', '드립커피 ', '브루잉커피']",0,7,2,4
342,음식점,아찌국밥,한경,"['돼지국밥 ', '해물짬뽕 ', '흑돼지돈까스']",1,15,2,5
343,음식점,어머니와장독대,제주시내,"['낙지볶음 ', '묵은지두부김치찜 ', '한식']",0,6,2,5
344,음식점,어멍,조천,"['흑돼지구이 ', '흑돼지전복세트 ', '김치찌개 ', '성게미역국']",0,8,2,4
345,음식점,어반르토아,제주시내,"['카페 ', '커피 ', '빙수']",0,3,2,4
346,음식점,예지원,서귀포시내,"['해산물 ', '전복뚝배기 ', '고등어구이 ', '옥돔구이 ', '성게미역국']",1,14,2,5
347,음식점,옛날동문시장칼국수,제주시내,"['칼국수 ', '돔베고기']",1,56,2,4
348,음식점,올래어촌,제주시내,"['회정식 ', '활어회 ', '갈치구이 ', '횟집']",0,8,2,4
349,음식점,올랭이와물꾸럭,대정,"['해물 ', '방어회 ', '방어찜 ', '감귤김치']",0,5,2,4
350,음식점,우도다방 돼지네땅콩손만두,우도,"['땅콩만두 ', '아이스크림 ', '한라봉차 ', '한라봉에이드']",1,11,2,5
351,음식점,우도몬딱,우도,"['팟타이 ', '디저트 ', '우도뿔소라팟타이버거 ', '음료']",0,3,2,5
352,음식점,우도설빙면,우도,"['흑돼지해물볶음 ', '한라산볶음밥 ', '흑돼지치즈볶음']",0,3,2,4
353,음식점,우도씨,우도,"['카페 ', '아이스크림 ', '우도땅콩씨호떡 ', '호떡 ', '핫도그']",0,1,2,5
354,음식점,우도아름다운소풍,우도,"['중식 ', '한라산볶음밥 ', '해물짬뽕 ', '전복스테이크']",0,8,2,5
355,음식점,월정리갈비밥,구좌,"['갈비초밥 ', '갈비따로덮밥 ', '냉면']",0,22,2,4
356,음식점,윌라라,성산,"['맥주 ', '달고기 ', '피시앤칩스']",0,4,2,4
357,음식점,유리네,제주시내,"['갈치구이 ', '성게국 ', '고등어조림 ', '갈치국 ', '몸국']",1,22,2,5
358,음식점,이드레국수,중문,"['고기국수 ', '회국수 ', '성게국수 ', '전복회국수 ', '돔베고기']",0,27,2,5
359,음식점,이어도식당,표선,"['돼지불고기정식 ', '갈치조림 ', '옥돔정식 ', '성게국수 ', '한식']",5,26,2,5
360,음식점,일도 국수,제주시내,"['멸치국수 ', '고기국수 ', '돔베고기']",0,5,2,5
361,음식점,잠녀해녀촌,조천,"['소라구이 ', '전복구이 ', '해산물 ', '성게보말죽 ', '물회']",0,36,2,3
362,음식점,제니스브레드,서귀포시내,"['빵집 ', '베이커리 ', '브런치 ', '커피']",2,11,2,4
363,음식점,제스토리,서귀포시내,"['천혜향 케이크 ', '천혜향 스페셜 주스 ', '구좌 당근 케이크 ', '제스라떼 ', '카페']",0,11,2,5
364,음식점,제주맥주,한림,"['맥주 ', '양조장 ', '크래프트 ', '브루클린브루어리']",1,17,2,5
365,음식점,제주오성,중문,"['통갈치정식 ', '오분자기돌솥밥 ', '통갈치 ', '뚝배기']",0,9,2,4
366,음식점,제주올레횟집,서귀포시내,"['비빔국수 ', '돈가스 ', '새우치즈구이 ', '횟집 ', '매운탕']",1,24,2,5
367,음식점,제주칼국수 제주해물탕,성산,"['해물탕 ', '칼국수 ', '파전']",0,17,2,4
368,음식점,제주토속몸국,제주시내,"['몸국 ', '빙떡 ', '한식 ', '향토음식']",1,32,2,3
369,음식점,제주한면가,제주시내,"['돔베국수 ', '고기국수 ', '보말비빔국수']",3,26,2,5
370,음식점,주르레식당,제주시내,"['파스타 ', '크림딱새우바게트 ', '양식']",0,12,2,3
371,음식점,주상절리회국수,서귀포시내,"['회국수 ', '갈치조림 ', '고등어조림 ', '전복죽 ', '성게미역국 ', '해물전골 ', '돔베고기']",2,13,2,5
372,음식점,중문어촌계해녀의집,중문,"['전복죽 ', '해산물 ', '문어 ', '전복 ', '소라']",1,38,2,4
373,음식점,중식당 청,제주시내,"['부모 ', '커플 ', '혼자 ', '친구 ', '아이 ', '중식']",2,1,2,5
374,음식점,짱아저씨,성산,"['해물탕 ', '조림 ', '구이']",0,5,2,5
375,음식점,쭈니창고,조천,"['버거 ', '피자 ', '커피']",0,6,2,5
376,음식점,착한마녀김밥,성산,"['마녀돈가스김밥 ', '땡초김밥 ', '크레미김밥 ', '떡볶이 ', '분식']",0,3,2,2
377,음식점,채원일식,제주시내,"['초밥 ', '회정식 ', '횟집']",0,0,2,5
378,음식점,천리식당,제주시내,"['갈치조림 ', '양념옥돔구이 ', '톳죽']",1,9,2,5
379,음식점,청운식당,성산,"['소라회 ', '전복회 ', '옥돔구이 ', '해물뚝개비 ', '고등어회 ', '횟집']",0,5,2,5
380,음식점,촌촌해녀촌,구좌,"['성게국수 ', '전복죽 ', '해산물 ', '회국수']",1,6,2,5
381,음식점,카페 깡,구좌,"['카페 ', '피자 ', '전복피자 ', '흑돼지피자 ', '한치피자']",0,1,2,5
382,음식점,카페 도두,제주시내,"['카페 ', '커피 ', '생과일주스']",1,12,2,5
383,음식점,카페리(CAFERI),구좌,"['카페 ', '커피 ', '비엔나커피 ', '죠리퐁라떼']",2,9,2,5
384,음식점,카페앤드효은양갱,안덕,"['카페 ', '음료 ', '디저트 ', '한라봉양갱 ', '꽃차']",0,3,2,5
385,음식점,카페피크닉(르피크닉),안덕,"['카페 ', '커피 ', '빙수 ', '디저트']",0,4,2,5
386,음식점,카페희상,표선,"['카페 ', '커피 ', '땅콩라떼 ', '아이스크림']",0,11,2,5
387,음식점,타이웍,제주시내,"['태국요리 ', '팟타이 ', '쌀국수']",1,10,2,5
388,음식점,타코마씸,구좌,"['멕시코요리 ', '타코 ', '흑돼지타코 ', '멕시칸']",0,8,2,3
389,음식점,탑동산호전복,제주시내,"['전복어 ', '한식 ', '향토음식']",0,29,2,5
390,음식점,탕궁훠궈,제주시내,"['훠궈 ', ' 우삼겹살 ', '샤브샤브']",4,10,2,5
391,음식점,태광식당,제주시내,"['한치주물럭 ', '한식 ', '돼지주물럭 ', '꼼장어주물럭']",1,10,2,5
392,음식점,테이크파이브재즈클럽,한림,"['와인 ', '칵테일 ', '커피 ', '맥주 ', '위스키']",0,11,2,4
393,음식점,파니야그릴,중문,"['철판요리 ', '볶음밥 ', '볶음쌀국수 ', '볶음파스타']",2,8,2,4
394,음식점,평대랑 그네랑,구좌,"['카페 ', '아메리카노 ', '커피 ', '오션뷰카페']",2,19,2,5
395,음식점,포도원흑돼지,제주시내,"['흑돼지 ', '양념갈비 ', '냉면 ', '해물된장찌개']",1,13,2,5
396,음식점,포도호텔레스토랑,안덕,"['우동 ', '유부초밥 ', '연어샐러드 ', '호텔레스토랑']",0,11,2,3
397,음식점,피시야 카페,조천,"['카페 ', '커피']",0,5,2,4
398,음식점,피제리아3657,안덕,"['3657하우스피자 ', '피자 ', '양식']",2,15,2,4
399,음식점,하노이안브라더스,제주시내,"['분짜 ', '쌀국수 ', '베트남요리']",1,8,2,5
400,음식점,하도리1091,구좌,"['새우떡볶이 ', '갈릭새우플레이트 ', '갈릭새우샌드위치']",0,9,2,4
401,음식점,한라앤탐,남원,"['정식 ', '보말죽 ', '보말라면 ', '보말정식']",2,14,2,5
402,음식점,한성식당,성산,"['갈치조림 ', '해산물 ', '한식']",0,17,2,5
403,음식점,해금강횟집,제주시내,"['횟집 ', '옥돔구이 ', '전복구이 ', '고등어회']",0,6,2,4
404,음식점,허벅식당,구좌,"['해물뚝배기 ', '갈치조림 ', '한식']",0,12,2,5
405,음식점,허브팜카페,애월,"['카페 ', '버거 ', '파스타 ', '리조또 ', '수제버거']",0,4,2,4
406,음식점,호돌이식당,비양도,"['보말죽 ', '한치물회 ', '회덮밥 ', '매운탕 ', '전복물회']",0,2,2,4
407,음식점,화진전복,제주시내,"['전복구이 ', '뚝배기 ', '전복어']",0,2,2,5
408,음식점,73st,제주시내,[],1,8,1,4
409,음식점,COOK FATHER(쿡파더),구좌,"['딱새우리조또 ', '한치덮밥 ', '돌문어파스타 ', '새우장덮밥 ', '퓨전음식음식']",0,5,1,5
410,음식점,ROAD129(로드129),애월,"['함박스테이크 ', '돈가스 ', '파스타 ', '양식']",0,22,1,4
411,음식점,강해일횟집,표선,"['회 ', '횟집 ', '해산물 ', '매운탕']",0,6,1,5
412,음식점,건달다방,제주시내,"['카페 ', '디저트 ', '클렌즈주스 ', '수제케이크']",0,2,1,4
413,음식점,고고리식당,제주시내,"['돈까스 ', '카레 ', '수제돈까스']",0,3,1,3
414,음식점,고등어쌈밥,성산,"['묵은지 ', '고등어쌈밥 ', '전복성게미역국 ', '은갈치조림 ', '한식']",0,16,1,3
415,음식점,고메아일랜드,제주시내,"['양식 ', '랍스터 ', '랍스터구이']",0,4,1,5
416,음식점,고요남,제주시내,"['한우초밥 ', '고인돌갈비 ', '치즈볶음밥']",0,2,1,3
417,음식점,고향생각,서귀포시내,"['국수 ', '고기국수 ', '비빔국수']",0,5,1,3
418,음식점,곤경에빠진버거,표선,"['수제버거 ', '흑돼지돈가스 ', '새우튀김 ', '양식']",0,10,1,5
419,음식점,골목집갈치와고등어,표선,"['한식 ', '갈치조림 ', '고등어조림']",1,6,1,3
420,음식점,곱을락(음식점),한경,"['흑돼지주물럭 ', '오리훈제바베큐 ', '순두부찌개 ', '들깨수제비']",0,11,1,5
421,음식점,광원,제주시내,"['정식 ', '냉면 ', '와규 ', '갈비탕 ', '온밀면']",0,3,1,5
422,음식점,광평도새기촌 이도점,제주시내,"['흑돼지 ', '한식 ', '근고기']",0,13,1,5
423,음식점,괸당네식당,성산,"['향토음식 ', '두루치기 ', '국수']",0,2,1,4
424,음식점,구름물고기,애월,"['홍차 ', '구름치노 ', '티포가토 ', '당근케이크 ', '카페']",0,5,1,3
425,음식점,국수냐 국밥이냐,서귀포시내,"['국밥 ', '국수 ', '닭볶음탕 ', '한식']",2,4,1,3
426,음식점,그대와함께라면,성산,"['해물라면 ', '문어숙회 ', '해물짬뽕칼국수']",0,8,1,5
427,음식점,그리다시카고피자&파스타,제주시내,"['피자 ', '파스타 ', '양식']",0,2,1,5
428,음식점,그림상회화덕피자,표선,"['피자 ', '파스타 ', '양식']",1,11,1,5
429,음식점,김녕제주흑돼지정육점식당,구좌,"['흑돼지 ', '삼겹살 ', '숯불구이']",1,5,1,3
430,음식점,김이박,제주시내,"['흑돼지 ', '돼지불고기 ', '한식']",0,1,1,3
431,음식점,꽁순이네,애월,"['전복죽 ', '고사리죽 ', '고기국수']",0,5,1,3
432,음식점,꾸까카페,애월,"['씨앗호떡 ', '빙수 ', '카페 ', '커피']",0,3,1,5
433,음식점,끌림,성산,"['흑돼지 ', '돌솥밥 ', '냉면 ', '한식']",0,7,1,3
434,음식점,날것,제주시내,"['펍 ', '카페 ', '음료 ', '주스']",0,2,1,5
435,음식점,남양수산,성산,"['회 ', '횟집 ', '지리 ', '일식']",0,6,1,5
436,음식점,남해횟집,제주시내,"['횟집 ', '초밥 ', '생선구이 ', '일식']",0,4,1,5
437,관광지,노을해안1014,한경,"['액티비티 ', '체험관광']",3,3,1,5
438,음식점,누리해장국,제주시내,"['해장국 ', '설렁탕 ', '도가니탕 ', '한식']",1,5,1,5
439,음식점,다올터해장국,서귀포시내,"['해장국 ', '고등어조림 ', '암뽕순대 ', '순대']",1,4,1,4
440,음식점,달마야해물탕,제주시내,"['해물탕 ', '낙지 ', '활문어 ', '먹물라면 ', '한식']",0,5,1,3
441,음식점,달아래팥,한경,"['팥죽 ', '양갱 ', '빙수 ', '팥라떼']",0,5,1,3
442,음식점,달콤한휴식,구좌,"['돈가스 ', '샌드위치 ', '롤돈가스 ', '양식']",0,5,1,3
443,음식점,달테이블,제주시내,"['피자 ', '화덕피자 ', '쭈꾸미']",0,2,1,4
444,음식점,대광장식당,서귀포시내,"['소곱창전골 ', '두루치기 ', '혼다주 ', '한식']",1,8,1,4
445,음식점,대성아귀찜,조천,"['아귀찜 ', '다귀대창찜 ', '한식']",1,1,1,5
446,음식점,더꽃돈,한림,"['흑돼지 ', '돼지고기 ', '목살']",0,6,1,5
447,음식점,더화원,제주시내,"['갈치조림 ', '갈치구이 ', '한식']",0,3,1,4
448,음식점,덤장,제주시내,"['향토음식 ', '성게미역국 ', '돔베고기 ', '한식 ', '보말미역국']",0,18,1,5
449,음식점,데미안,한경,"['돈까스 ', '무한리필 ', '양식']",0,4,1,5
450,음식점,델리지아레스토랑,중문,"['레스토랑 ', '뷔페 ', '퓨전음식한식 ', '양식']",0,8,1,3
451,음식점,도나토스,한림,"['화덕피자 ', '맥주 ', '샐러드 ', '수제맥주']",0,4,1,5
452,음식점,도남오거리도남점,제주시내,"['돼지고기 ', '소고기 ', '한식']",0,1,1,3
453,음식점,도토리키친,조천,"['청귤소바 ', '톳유부초밥 ', '소바롤 ', '냉소바 ', '치킨온소바']",1,14,1,5
454,음식점,돈대장,제주시내,"['흑돼지 ', '돼지고기 ', '흑돼지알뜰모둠']",0,7,1,5
455,음식점,돈마구이해장국(연동점),제주시내,"['흑돼지 ', '해장국 ', '말고기 ', '뼈다귀탕 ', '육회']",0,1,1,5
456,음식점,돈향기,제주시내,"['흑돼지 ', '한식 ', '전복흑돼지세트']",0,12,1,3
457,음식점,돌미롱,제주시내,"['카페 ', '케이크 ', '타르트 ', '아메리카노 ', '음료']",0,2,1,5
458,음식점,돌집식당,표선,"['흑돼지 ', '두루치기 ', '게우밥 ', '전복장']",0,7,1,3
459,음식점,돌하르방 뚝배기,성산,"['전복뚝배기 ', '갈치조림 ', '제육볶음 ', '옥돔구이 ', '한식']",1,24,1,4
460,음식점,돌하르방식당,한림,"['갈치조림 ', '고등어구이 ', '한식 ', '향토음식']",0,25,1,5
461,음식점,돔베돈 공항점,제주시내,"['흑돼지 ', '장작구이 ', '한식뷔페 ', '오겹살 ', '목살 ', '가브리살']",0,1,1,5
462,음식점,동도원,제주시내,"['고등어 ', '성게 ', '해산물 ', '한식']",0,6,1,5
463,음식점,동양식당,제주시내,"['갈치조림 ', '고등어조림 ', '백반집 ', '한식']",0,5,1,3
464,음식점,동해미락,서귀포시내,['휴식/치유'],5,4,1,5
465,음식점,돼지촌,제주시내,"['등갈비 ', '초벌구이 ', '등갈비구이']",0,2,1,5
466,음식점,둥지식당,성산,"['물회 ', '한치물회 ', '자리물회 ', '갈치조림 ', '고등어조림']",0,6,1,5
467,음식점,땅꼬분식 뷔페,조천,"['아이 ', '친구 ', '커플 ', '분식 ', '뷔페']",0,15,1,3
468,음식점,또또시,서귀포시내,"['프레첼 ', '빵 ', '슈톨렌 ', '소라빵']",1,6,1,5
469,음식점,뚱보조개,제주시내,"['조개구이 ', ' 해물탕 ', ' 생새우오도리소금구이']",0,1,1,5
470,음식점,띠띠빵빵,우도,"['수제버거 ', '크림빠네 ', '뿔소라치아바타샌드위치']",0,0,1,5
471,음식점,라지마할 RAJMAHAL,제주시내,"['무슬림 ', '카레 ', '탄두리치킨 ', '볶음밥']",0,2,1,5
472,음식점,레드브라운,남원,"['카페 ', '커피 ', '드립커피 ', '홍차']",0,0,1,5
473,음식점,레드썬셋,구좌,"['횟집 ', '광어 ', '초밥 ', '일식']",0,4,1,5
474,음식점,레터스 투 시리얼,제주시내,"['이색카페 ', '드레스카페 ', '시리얼볼 ', '스무디볼 ', '딸기스무디볼']",0,1,1,5
475,음식점,로드3.7 (road3.7),남원,"['카페 ', '핫도그빵 ', '음료 ', '에이드']",0,2,1,0
476,음식점,루스트플레이스 노형점,제주시내,"['샐러드 ', '파스타 ', '스테이크 ', '맥주 ', '피자']",0,2,1,4
477,음식점,리솔라 무인카페,성산,"['카페 ', '무인카페 ', '아메리카노']",1,4,1,5
478,음식점,마더카페,남원,"['카페 ', '샐러드 ', '에이드 ', '정식 ', '왕갈비탕']",0,5,1,5
479,음식점,마두천손칼국수,제주시내,"['보말칼국수 ', '성게칼국수 ', '향토음식']",0,7,1,5
480,음식점,마라도에서온자장면집,안덕,"['중식 ', '자연주의 ', '짜장면']",1,8,1,5
481,음식점,마라도해녀촌짜장,마라도,"['짜장면 ', '짬뽕 ', '중식']",0,1,1,5
482,음식점,마므레,남원,"['통삼겹 ', '폭립 ', '양갈비 ', '새우야채튀김우동 ', '로스트치킨']",0,2,1,3
483,음식점,마초그릴,제주시내,"['펍 ', '멕시칸 ', '엔칠라다 ', '과카롤리 ', '타코']",1,5,1,5
484,음식점,만민식당,한림,"['해물전골 ', '갈치조림 ', '한식']",0,10,1,5
485,음식점,만세국수,제주시내,"['만세국밥 ', '고기국수 ', '한식']",0,8,1,5
486,음식점,만세국수 삼성혈점,제주시내,"['고기국수 ', '찹쌀순대 ', '국밥']",0,15,1,5
487,음식점,말이,구좌,"['김말이 ', '튀김 ', '떡볶이']",1,3,1,4
488,음식점,맛좋은디,구좌,"['항정살 ', '가브리살 ', '목살']",0,2,1,5
489,음식점,망고레이 함덕점,조천,"['망고 ', '디저트카페 ', '할로망고코코넛빙수 ', '스노우망고플롯 ', '생망고쉐이크']",0,8,1,5
490,음식점,망고봉봉,성산,"['카페 ', '망고 ', '망고주스']",0,11,1,3
491,음식점,맥반석 식당,구좌,"['김치찌개 ', '제육볶음 ', '정식 ', '한식']",0,9,1,5
492,음식점,맵찜,조천,"['매운갈비찜 ', '주먹밥 ', '계란찜 ', '한식']",0,6,1,5
493,음식점,메리앤폴,한림,"['돈까스 ', '리조또 ', '파스타 ', '함박스테이크']",0,8,1,5
494,음식점,명월국민학교,한림,"['갤러리 ', ' 카페 ', ' 커피']",2,34,1,5
495,음식점,모래비카페,구좌,"['카페 ', '한라봉차 ', '커피']",2,31,1,5
496,음식점,모리노아루요,애월,"['덮밥전문점 ', '마스터셰프코리아 우승 ', '메로구이덮밥 ', '해산물덮밥 ', '일식']",3,74,1,5
497,음식점,모메든식당,서귀포시내,"['흑돼지 ', '근고기 ', '흑돼지모둠한판']",0,6,1,5
498,음식점,모모제이,제주시내,"['카페 ', '팬케이크 ', '샌드위치 ', '샐러드']",0,0,1,4
499,음식점,모슬포에서,대정,"['녹두빈대떡 ', '보말톳메밀전 ', '흑돼지김치전 ', '깅이죽 ', '성게김밥']",0,5,1,5
500,음식점,모시란,제주시내,"['찻집 ', '차 ', '다과 ', '양갱 ', '경단 ', '전통차']",13,14,1,5
501,음식점,모실래기해녀해물촌,우도,"['해산물 ', '물회 ', '전복죽 ', '성게']",1,1,1,5
502,음식점,몬떼마레,안덕,"['파스타 ', '양식 ', '레스토랑']",0,5,1,5
503,음식점,무인카페 산책,애월,"['카페 ', '무인카페 ', '바다전망']",0,7,1,5
504,음식점,물질식육식당,서귀포시내,"['복국 ', '고기짬뽕 ', '한식']",0,12,1,5
505,음식점,물회영해초영,제주시내,"['물회 ', '해물우동 ', '횟집']",0,5,1,5
506,음식점,미나리식당,서귀포시내,"['돼지불고기 ', '백반 ', '한식']",1,9,1,3
507,음식점,바다어사또,조천,"['벵어돔 ', '참돔 ', '고등어회 ', '횟집']",0,4,1,3
508,음식점,바당꺼몬딱,우도,"['해산물 ', '뿔소라구이 ', '라면']",0,0,1,5
509,음식점,바당지기,구좌,"['우럭정식 ', '우럭튀김 ', '전복뚝배기 ', '갈치조림 ', '옥돔구이']",0,1,1,3
510,음식점,바람개비,우도,"['라면 ', '해물라면 ', '해물몬딱라면']",0,1,1,5
511,음식점,백사장횟집(백사장회센터),표선,"['회 ', '횟집 ', '해산물 ', '갈치조림']",0,0,1,0
512,음식점,벨로인카페,제주시내,"['카페 ', '커피 ', '빙수']",0,1,1,5
513,음식점,벨롱,구좌,"['카페 ', '커피 ', '샌드위치']",0,3,1,3
514,음식점,보엠,제주시내,"['빵집 ', '베이커리 ', '발효빵 ', '디저트']",0,1,1,5
515,음식점,보영반점,한림,"['중식 ', '간짬뽕 ', '탕수육 ', '고량주 ', '볶음짬뽕']",0,5,1,3
516,음식점,복댕이,성산,"['흑돼지 ', '우도땅콩막걸리 ', '한라봉막걸리']",0,4,1,3
517,음식점,복여네왕돈가스,우도,"['돈까스 ', '해물라면 ', '수제왕돈까스']",0,2,1,5
518,음식점,봉봉커피,우도,"['카페 ', '커피 ', '우도땅콩라떼 ', '제주한라봉라떼']",0,1,1,5
519,음식점,봉평메밀가,제주시내,"['메밀 ', '수육 ', '메밀비빔국수 ', '메밀막국수']",0,2,1,5
520,음식점,불만나,애월,"['흑오겹살 ', '매콤불고기 ', '김치말이국수']",0,0,1,3
521,음식점,블랙포엠,조천,"['카페 ', '커피 ', '아메리카노']",0,0,1,3
522,음식점,비양도 올레카페,비양도,"['카페 ', '커피 ', '생과일주스 ', '빙수']",0,0,1,5
523,음식점,비원,제주시내,"['한식 ', '삼계탕 ', '갈비탕']",0,1,1,5
524,음식점,빌라드아토,서귀포시내,"['카페 ', '커피 ', '마카롱']",0,14,1,5
525,음식점,빌레왓,안덕,"['버거 ', '파스타 ', '피자 ', '카페 ', '레스토랑']",0,4,1,3
526,음식점,빠라빠빵,제주시내,"['빵집 ', '베이커리 ', '식빵 ', '커피']",0,3,1,5
527,음식점,사려니숲길화덕피자,조천,"['화덕피자 ', '피자 ', '양식']",0,9,1,5
528,음식점,사해방흑돼지,중문,"['흑돼지 ', ' 오겹살 ', ' 흑돼지세트']",1,8,1,5
529,음식점,산포식당,성산,"['갈치조림 ', '고등어조림']",0,11,1,3
530,음식점,산호사 해녀의집,우도,"['회 ', '칼국수 ', '파전 ', '해산물']",0,6,1,5
531,음식점,산호풍경,우도,"['흑돼지 ', '탕수육 ', '흑돼지탕수육 ', '짜장면 ', '짬뽕']",0,1,1,5
532,음식점,살랑살랑샤브샤브,제주시내,"['샤브샤브 ', '해물 ', '전복 ', '흑돼지 ', '소고기']",0,7,1,5
533,음식점,상춘재,조천,"['비빔밥 ', '멍게비빔밥 ', '꼬막비빔밥 ', '추어탕']",1,25,1,3
534,음식점,새벽숯불가든,성산,"['흑돼지 ', '참숯구이 ', '한식']",0,7,1,5
535,음식점,색달식당,서귀포시내,"['갈치조림 ', '성게미역국 ', '전복뚝배기 ', '옥돔구이 ', '고등어구이']",0,13,1,5
536,음식점,서귀포흑돈,서귀포시내,"['흑돼지 ', '열무냉면 ', '김치찌개 ', '고등어구이']",0,7,1,5
537,음식점,서민흑돼지,서귀포시내,"['흑돼지 ', '돼지고기 ', '한식']",0,10,1,5
538,음식점,섯동네해녀의집,우도,"['해산물 ', '문어 ', '전복 ', '칼국수 ', '한치']",0,3,1,5
539,음식점,성미가든,조천,"['닭볶음탕 ', '샤브샤브 ', '닭고기코스']",2,14,1,4
540,음식점,성산진미식당,성산,"['해산물뚝배기 ', '전복 ', '바지락']",0,22,1,1
541,음식점,성신흑돼지,표선,"['흑돼지 ', '목살 ', '돼지고기']",3,15,1,5
542,음식점,성아시,한림,"['해물뚝배기 ', '해물라면 ', '해물파전']",0,17,1,5
543,음식점,소라횟집,구좌,"['회 ', '활우럭지리 ', '활우럭조림']",0,3,1,3
544,음식점,소울키친,중문,"['수제버거 ', '스테이크 ', '이탈리안 ', '양식']",0,6,1,5
545,음식점,손맛촌,조천,"['갈치 ', '전복물회 ', '전복뚝배기 ', '성게비빔밥']",0,32,1,5
546,음식점,송악산 엉클스 화덕 피자,대정,"['쌈찹 ', '피자 ', '화덕피자 ', '빠네']",0,6,1,4
547,음식점,쇼밥,서귀포시내,"['커플 ', '친구 ', '경관/포토 ', '휴식/힐링']",2,1,1,5
548,음식점,수다뜰,구좌,"['전복 ', '해산물 ', '돌솥밥 ', '한식']",0,12,1,4
549,음식점,순정문어,제주시내,"['해물 ', '문어 ', '문어숙회 ', '씨푸드']",0,6,1,5
550,음식점,쉐프 이야기,제주시내,"['짬뽕 ', '해물탕면 ', '크로켓']",1,2,1,5
551,음식점,스시우다,제주시내,"['초밥 ', '일식 ', '고등어 ', '갈치']",0,1,1,5
552,음식점,스테이위드커피,안덕,"['카페 ', '커피 ', '드립커피 ', '커피클래스']",0,5,1,5
553,음식점,승범이네집,제주시내,"['자연산 회 ', '횟집 ', '매운탕 ', '돔지리']",0,3,1,4
554,음식점,시골길,제주시내,"['낙지볶음 ', '청국장뚝배기 ', '한식']",0,5,1,5
555,음식점,신옛촌,안덕,"['갈치조림 ', '통갈치구이 ', '고등어회 ', '한식']",0,10,1,3
556,음식점,아뜰리에안,서귀포시내,"['차 ', '아이스티 ', '케이크']",1,7,1,5
557,음식점,아모르키친,표선,"['파스타 ', '치킨 ', '파스타키친']",0,5,1,5
558,음식점,아서원,서귀포시내,"['중식 ', '짬뽕 ', '짜장면']",0,9,1,5
559,음식점,아웃도어키친,서귀포시내,"['해물라면 ', '흑돼지오겹살 ', '흑돼지목살']",1,15,1,5
560,음식점,아일랜드조르바,구좌,"['카페 ', '커피 ', '댕유자에이드 ', '드립커피커피']",0,8,1,5
561,음식점,아일랜드팩토리 풍류,제주시내,"['녹담만설 ', '원두 ', '카페 ', '커피 ', '음료']",1,3,1,5
562,음식점,아톰스낵,구좌,"['떡볶이 ', '돈까스 ', '문어덮밥 ', '샐러드우동 ', '모둠튀김']",0,3,1,5
563,음식점,안거리밖거리,서귀포시내,"['돔베고기 ', '옥돔구이 ', '한식 ', '향토음식']",1,44,1,5
564,음식점,애월 고깃간,애월,"['부모 ', '커플 ', '친구']",1,1,1,5
565,음식점,애월리안,애월,"['해산물 ', '씨푸드 ', '레스토랑']",0,0,1,5
566,음식점,어머니닭집,성산,"['치킨 ', '후라이드치킨 ', '양념치킨 ', '맥주']",1,18,1,5
567,음식점,어머니몸국,조천,"['향토음식 ', '몸국 ', '물회 ', '감자탕 ', '국밥 ', '빙떡']",1,3,1,1
568,음식점,어머니와고등어,제주시내,"['갈치조림 ', '성게미역국 ', '통갈치 ', '한식']",0,5,1,5
569,음식점,어머니의뜻을담다 단지,애월,"['한정식 ', '한우육전 ', '병어조림 ', '애월한정식']",0,1,1,1
570,음식점,어멍횟집,성산,"['생선탕수 ', '해산물모듬 ', '활어회 ', '한식 ', '횟집']",1,4,1,5
571,음식점,어사촌도야지,애월,"['흑돼지 ', '가브리살 ', '목살 ', '고기국수']",1,5,1,4
572,음식점,어우늘,제주시내,"['퓨전 ', '전복구이 ', '전복 ', '전복죽 ', '전복돌솥밥']",0,5,1,5
573,음식점,어전횟집,대정,"['일식 ', '회 ', '횟집 ', '해산물']",0,3,1,5
574,음식점,엉덩물,제주시내,"['부모 ', '커플 ', '혼자 ', '친구 ', '물회']",2,5,1,5
575,음식점,엉클망고,우도,"['요거트망고스무디 ', '우도땅콩아이스크림 ', '생망고스무디 ', '더치커피']",0,3,1,5
576,음식점,엉클통김밥(본점),제주시내,"['굴비빔밥 ', '톳김밥 ', '김밥']",0,13,1,5
577,음식점,에릭스에스프레소 카페,구좌,"['카페 ', '티라미수 ', '케이크 ', '디저트 ', '음료']",0,3,1,5
578,음식점,에피소드,한경,"['베이커리 ', '구겔호프 ', '커피']",1,0,1,5
579,음식점,엘리펀시아,제주시내,"['카페 ', ' 아이']",1,5,1,4
580,음식점,연우네,제주시내,"['한식 ', '옹심이 ', '수제비 ', '비빔밥']",0,2,1,5
581,음식점,옐로우카페 (yellow cafe),중문,"['바나나 ', '빙그레 ', '카페 ', '아이스크림 ', '쉐이크']",0,19,1,5
582,음식점,옛고을갈비,한림,"['생갈비 ', '고기구이 ', '한식']",0,5,1,5
583,음식점,오데뜨,애월,"['퓨전 ', '전복크림우동 ', '핑크크림우동']",0,4,1,3
584,음식점,오동여식당,추차도,"['횟집 ', '회 ', '해산물']",0,0,1,5
585,음식점,오드랑베이커리,조천,"['빵집 ', '베이커리 ', '카페']",0,21,1,5
586,음식점,오로라식당,우도,"['김치찌개 ', '두루치기 ', '아구찜 ', '한식 ', '가정식']",0,2,1,5
587,음식점,오르다키친,애월,"['통문어튀김 ', '전복문어게우밥 ', '흑돼지돈까스 ', '전복해물볶음우동']",0,10,1,5
588,음식점,오일등식당,제주시내,"['동태찌개 ', '한식 ', '찌개']",0,9,1,3
589,음식점,오조해녀의 집,성산,"['해산물 ', '전복 ', '전복죽 ', '문어 ', '해삼']",1,6,1,5
590,음식점,올댓제주,제주시내,"['옥돔국수 ', '제주생선치즈고로케 ', '생맥주 ', '한식']",0,6,1,3
591,음식점,용림식당,안덕,"['회 ', '횟집 ', '방어 ', '자연산']",0,1,1,5
592,음식점,우도이야기,우도,"['통문어해물라면 ', '전복소리해물라면 ', '라면']",0,3,1,5
593,음식점,우무깨식당,우도,"['해물라면 ', '한치물회 ', '김치찌개 ', '한식']",0,0,1,5
594,음식점,우정횟집,제주시내,"['회 ', '횟집 ', '해산물 ', '갈치조림 ', '성게국 ', '전복죽 ', '회덮밥']",0,0,1,5
595,음식점,원앤온리,안덕,"['커플 ', '혼자 ', '친구 ', '휴식/힐링 ', '경관/포토 ', '청년']",0,12,1,5
596,음식점,월드컵흑돼지,서귀포시내,"['흑돼지 ', '전복 ', '냉면']",0,3,1,5
597,음식점,월리월리,구좌,"['퓨전음식음식 ', '해산물 ', '파스타 ', '덮밥']",0,2,1,5
598,음식점,월척수산,제주시내,"['회 ', '일식 ', '횟집 ', '해산물 ', '매운탕 ', '초밥']",0,7,1,5
599,음식점,웬드구니,안덕,"['커피 ', '쿠키 ', '마들렌 ', '팥빙수']",0,2,1,5
600,음식점,유스커피,제주시내,"['카페 ', '셀프로스팅 ', '디저트 ', '플랫화이트 ', '둥둥라떼']",0,0,1,5
601,음식점,이성필 커피볶는집,제주시내,"['커피 ', '차 ', '생과일에이드']",0,2,1,5
602,음식점,이어도전복해물전문점,서귀포시내,"['전복 ', '해물 ', '해물탕 ', '해산물']",1,10,1,5
603,음식점,인어공주,우도,"['해물볶음 ', '한라산볶음밥 ', '땅콩막걸리']",0,9,1,3
604,음식점,일출봉쑥빵보리빵,성산,"['오메기떡 ', '찐빵 ', '빵']",0,12,1,5
605,음식점,장승포식당,성산,"['고등어조림 ', '해물전골 ', '해물뚝배기 ', '갈치회']",0,5,1,3
606,음식점,저스트쉬림프,애월,"['딱새우 ', '파스타 ', '샐러드 ', '리조또']",0,9,1,3
607,음식점,저팔계깡통연탄구이,조천,"['연탄구이 ', '흑돼지 ', '제주돼지 ', '오겹살']",0,12,1,5
608,음식점,전원일기,서귀포시내,"['돔베고기 ', '정식 ', '향토음식 ', '한식']",4,23,1,5
609,음식점,정봉자커피 봉개점,제주시내,"['김밥 ', '호떡 ', '커피 ', '카페 ', '음료']",0,0,1,5
610,음식점,제대가는길,제주시내,"['카페 ', '커피 ', '드립커피 ', '브런치']",0,2,1,5
611,음식점,제라한보쌈,제주시내,"['보쌈 ', '보쌈정식 ', '한식']",0,11,1,5
612,음식점,제원분식,제주시내,"['떡볶이 ', '튀김 ', '분식 ', '김밥']",0,4,1,5
613,음식점,제주 강남해물탕,대정,"['해물탕 ', '고등어구이 ', '옥돔구이 ', '전복회']",1,6,1,5
614,음식점,제주 어가,제주시내,"['한식 ', '갈치조림 ', '갈치구이 ', '통갈치']",3,33,1,5
615,음식점,제주뚝배기,성산,"['한치물회 ', '옥돔구이 ', '성게국']",1,46,1,5
616,음식점,제주맥주 양조장,한림,"['친구 ', '맑음 ', '사계절 ', '맥주 ', '양조장 ', '브루어리투어 ', '피자']",0,18,1,4
617,음식점,제주삼다국수,서귀포시내,"['고기국수 ', '멸치국수 ', '돔베고기 ', '흑돼지샤브샤브']",1,16,1,5
618,음식점,제주시 새우리,제주시내,"['딱새우 ', '김밥 ', '새우 컵밥']",0,12,1,1
619,음식점,제주이야기,구좌,"['천연 화장품 ', ' 천연꽃 ', ' 화산송이 ', ' 체험 카페']",1,5,1,5
620,음식점,제주중문수제맥주,중문,"['맥주 ', '수제맥주 ', '피자 ', '소시지']",0,11,1,5
621,음식점,제주틈,한림,"['흑돼지 ', '날치알쌈 ', '한식']",0,1,1,3
622,음식점,중문대들보,중문,"['정식 ', '옥돔구이 ', '흑돼지볶음 ', '성게미역국 ', '한식']",0,15,1,3
623,음식점,중문솥뚜껑,중문,"['흑돼지 ', '흑오겹 ', '흑목살']",0,13,1,3
624,음식점,중문자연산횟집,중문,"['성게미역국 ', '횟집 ', '게장 ', '해물탕']",0,3,1,3
625,음식점,진대감12제주,제주시내,"['광양불고기 ', '차돌삼합 ', '흑돼지 ', '한식']",0,2,1,3
626,음식점,창천삼거리식당,안덕,"['옥돔구이 ', '해물뚝배기 ', '한식']",0,22,1,3
627,음식점,청도해물탕,제주시내,"['해물탕 ', '오메기떡 ', '전복']",0,6,1,3
628,음식점,추자도중앙식당,추차도,"['한식 ', '굴비정식 ', '조기매운탕 ', '갈비탕 ', '정식']",0,0,1,4
629,음식점,춘희,구좌,"['핫도그 ', '빙수 ', '돼지고기요리']",0,3,1,3
630,음식점,칠사돈,제주시내,"['흑돼지 ', '김치찌개 ', '백반정식']",0,2,1,3
631,음식점,카카듀,제주시내,"['카페 ', '커피 ', '녹차빙수 ', '빙수']",0,0,1,5
632,음식점,카페백퍼,애월,"['카페 ', '스콘 ', '음료']",0,2,1,5
633,음식점,카페소금,애월,"['소금라떼 ', '카페 ', '라떼 ', '음료']",0,10,1,4
634,음식점,카페이피엘,남원,"['베이커리 카페 ', ' 보타닉 카페 ', ' 커피 ', ' 브런치 ', ' 위미리카노']",1,1,1,5
635,음식점,카페코지,성산,"['카페 ', '지오푸드 ', '쑥식빵']",0,7,1,5
636,음식점,카페콧수염,구좌,"['카페 ', '마카롱 ', '딸기우유 ', '디저트']",2,17,1,5
637,음식점,카페헤밍웨이,한림,"['카페 ', '커피 ', '샌드위치']",0,0,1,5
638,음식점,커피가게쉬고가게,표선,"['카페 ', '커피 ', '음료 ', '디저트']",1,1,1,5
639,음식점,커피디셈버 함덕점,조천,"['커피 ', '베이커리 ', '차 ', '음료 ', '빙수']",5,0,1,5
640,음식점,컬쳐드,제주시내,"['양식 ', '파스타 ', '샐러드 ', '피자 ', '볶음밥']",0,1,1,5
641,음식점,코코리파이프,애월,"[' 치킨 ', '제주갈치 ', '비스트로']",2,3,1,4
642,음식점,코코분식,제주시내,"['육개장 ', '칼국수 ', '한식']",0,5,1,5
643,음식점,키아스마,남원,"['카페 ', '브런치 ', '감바스까수엘라 ', '음료']",0,4,1,5
644,음식점,킴스커틀렛,제주시내,"['왕돈가스 ', '양식 ', '파스타 ', '피자']",0,0,1,5
645,음식점,탐라면,애월,"['라면 ', '비빔라면 ', '고기라면 ', '주먹밥 ', '볶음밥']",0,5,1,4
646,음식점,탑부평,제주시내,"['흑돼지 ', '한식 ', '냉면 ', '볶음밥']",0,18,1,5
647,음식점,텐피자,대정,"['피자 ', '커피 ', '스파게티']",0,3,1,3
648,음식점,팜알로하,서귀포시내,"['카페 ', '한라봉 ', '브런치']",1,4,1,3
649,음식점,픽스커피,제주시내,"['진저라떼 ', '헤이즐넛라떼 ', '카페']",0,3,1,4
650,음식점,하와유제주,애월,"['카페 ', '에이드 ', '초콜릿']",0,5,1,3
651,음식점,하와이새우트럭,제주시내,"['푸드트럭 ', '갈릭새우 ', '학새우 ', '막국수']",0,29,1,5
652,음식점,한라산빵 1950,제주시내,"['빵 ', '한라산빵 ', '음료']",2,10,1,5
653,음식점,한라통닭,서귀포시내,"['치킨 ', '감자튀김 ', '떡튀김']",1,15,1,5
654,음식점,한마음돈가돈,제주시내,"['근고기 ', '연탄구이 ', '돼지고기']",0,3,1,3
655,음식점,한우네백년해장국,제주시내,"['소고기해장국 ', '뼈해장국 ', '내장탕 ', '수육 ', '한식']",0,17,1,4
656,음식점,해뜨는식당,성산,"['해물전골 ', '갈치전골 ', '회 ', '한식']",0,3,1,5
657,음식점,해적카페,우도,"['톳비빔밥 ', '바지락칼국수 ', '불고기덮밥']",0,3,1,3
658,음식점,햇살가득돌담집,조천,"['흑돼지 ', '쌈정식 ', '강된장 ', '한식']",0,13,1,5
659,음식점,행복미가,제주시내,"['흑미삼계탕 ', '전복오리두루치기 ', '미가삼계탕 ', '한식']",0,6,1,5
660,음식점,행복한시저네,서귀포시내,"['버터스파게티 ', '짜글이 ', '퓨전음식']",0,67,1,5
661,음식점,헬로우우도,우도,"['카페 ', '디저트 ', '커피']",0,0,1,5
662,음식점,협재삼춘네횟집,한림,"['횟집 ', '회 ', '회코스']",0,0,1,3
663,음식점,홍돈깡통연탄구이,한림,"['흑돼지 ', '연탄구이 ', '근고기']",0,2,1,3
664,음식점,황토기와집,서귀포시내,"['손칼국수 ', '파전 ', '감자옹심이']",0,5,1,5
665,음식점,흑돈향,서귀포시내,"['흑돼지 ', '연탄구이 ', '돼지고기']",3,5,1,5
666,음식점,흑돼지신화,안덕,"['흑돼지 ', '연탄구이 ', '근고기']",0,7,1,5
667,음식점,흑돼지촌,한림,"['흑돼지 ', '초벌구이 ', '전복뚝배기 ', '냉면 ', '한식']",0,10,1,5
668,음식점,흑돼지킹생구이전문점,제주시내,"['흑돼지 ', '한식 ', '향토음식']",0,11,1,3
669,음식점,흑한우명품관,서귀포시내,"['흑한우 ', '흑우 ', '육회 ', '갈비탕']",2,4,1,4
670,음식점,1080칼국수,제주시내,"['바지락 ', '닭칼국수 ', '김치손칼국수 ', '칼국수 ', '한식']",3,1,0,0
671,음식점,1950하우스,애월,"['수제버거 ', '블랙버거 ', '보리버거 ', '햄버거']",0,7,0,0
672,음식점,24시 뼈다귀탕 제주점,제주시내,"['뼈다귀탕 ', '뼈감탕 ', '한식']",0,0,0,0
673,음식점,24시 전주명가콩나물국밥,제주시내,"['한식 ', '국밥 ', '콩나물국밥']",0,1,0,0
674,음식점,And유Café,한림,"['카페 ', ' 한림 ', ' 옹포 ', ' 비건']",1,1,0,0
675,음식점,BBQ치킨 추자점,추차도,"['추자BBQ ', '추자도치킨 ', '추자치킨 ', '추자도음식점 ', '추자도']",0,0,0,0
676,음식점,Jeju in aA카페,구좌,"['음료 ', '카페 ', '커피']",0,1,0,0
677,음식점,가비오타카페,구좌,"['카페 ', ' 커피 ', ' 케익']",1,0,0,0
678,음식점,가산토방 식당,서귀포시내,"['흑돼지 ', '한식 ', '커피']",2,1,0,0
679,음식점,가야아구찜,제주시내,[],2,2,0,0
680,음식점,가온해,안덕,"['찻집 ', '차 ', '효소차 ', '개똥쑥차 ', '현미차 ', '오디차 ', '모과차 ', '효소']",0,1,0,0
681,음식점,갈치 카페,중문,"['카페 ', '갈치빵 ', '갈치파이 ', '아이스크림 ', '디저트']",0,3,0,0
682,음식점,감나무집,제주시내,"['돼지갈비 ', '우거지탕 ', '한식']",0,2,0,0
683,음식점,감산우리가든,안덕,"['로컬식당 ', '한식 ', '흑돼지 ', '옥돔구이']",0,0,0,0
684,음식점,감저카페,대정,"['커피 ', '샌드위치 ', '디저트 ', '사진창고 ', '갤러리']",0,7,0,0
685,음식점,감초식당,제주시내,"['순대 ', '구제주 ', '보성시장 ', '음식']",0,0,0,0
686,음식점,강정해녀의집,서귀포시내,"['성게칼국수 ', '성게덮밥 ', '물회 ', '활어회 ', '횟집']",0,13,0,0
687,음식점,갤러리 라운지,제주시내,"['커플 ', '부모 ', '휴식/힐링']",0,0,0,0
688,음식점,갯것이식당,제주시내,"['보말국 ', '성게미역국 ', '성게국수 ', '갈치국 ', '한식']",1,1,0,0
689,음식점,갯마을,제주시내,"['전복뚝배기 ', '고등어조림 ', '옥돔구이 ', '고등어구이 ', '갈치조림']",0,1,0,0
690,음식점,거기제주,대정,"['카페 ', ' 음료 ', ' 디저트 ', ' 사진 ', ' 기념품']",0,2,0,0
691,음식점,거부한정식(신제주점),제주시내,"['한식 ', '고등어조림 ', '옥돔구이 ', '돔베고기 ', '무한리필']",1,5,0,0
692,관광지,거인의 정원,제주시내,"['예술 ', ' 갤러리 ', ' 실내 ', ' 카페']",0,3,0,0
693,음식점,겐짱야,제주시내,"['우동 ', '김밥 ', '한식']",0,6,0,0
694,음식점,겹겹의 의도,서귀포시내,"['베이커리 ', '카페 ', '크루아상']",0,3,0,0
695,음식점,경성통닭,서귀포시내,"['치킨 ', '닭강정 ', '마늘치킨']",0,8,0,0
696,음식점,경주네횟집,제주시내,"['횟집 ', '벵어돔 ', '고등어회 ', '일식']",0,0,0,0
697,음식점,고가네,성산,"['향토음식 ', '전복죽 ', '묵은지고등어조림 ', '전복뚝배기']",0,2,0,0
698,음식점,고객식당,제주시내,"['갈치 ', '고등어 ', '한식']",0,13,0,0
699,음식점,고내촌한정식,애월,"['한정식 ', '연잎밥정식 ', '제육볶음정식 ', '떡갈비정식']",0,4,0,0
700,음식점,고로케야,제주시내,"['고로케 ', '치즈고로케 ', '민치카츠']",0,1,0,0
701,음식점,고마워토토 아뜰리에,애월,"['커피 ', '쿠킹체험 ', '쿠키 ', '라자냐 ', '치킨']",1,21,0,0
702,음식점,고망딱새,제주시내,"['화덕피자 ', '카페 ', '쿠키 ', '잼']",0,2,0,0
703,음식점,고벤져스(본점),제주시내,"['양념고기 ', '양념갈비 ', '한식']",0,0,0,0
704,음식점,고사리식당,조천,"['한식 ', ' 갈치조림 ', ' 떡갈비 ', ' 연잎밥']",0,3,0,0
705,음식점,고향향토장터,추차도,"['추자식당 ', '추자음식점 ', '하추자음식점 ', '신양항근처음식점 ', '추자도']",1,2,0,0
706,음식점,곰마에그,대정,"['샌드위치 ', '카페 ', '주스']",0,4,0,0
707,음식점,공백,구좌,"['휴식/치유 ', ' 카페 ', ' 동복 ', ' 구좌']",1,3,0,0
708,음식점,공천포식당,남원,"['부모 ', '커플 ', '혼자 ', '친구 ', '여름 ', '해변']",0,4,0,0
709,음식점,과수원집,제주시내,"['백숙 ', '오리구이 ', '삼계탕 ', '오골계백숙']",0,1,0,0
710,음식점,곽지BAR다,애월,"['퓨전 ', '바 ', '문어샐러드 ', '쌀국수 ', '동파육 ', '술']",0,5,0,0
711,음식점,곽지식당,애월,"['한식 ', '두루치기 ', '김치찌개 ', '파전']",0,1,0,0
712,음식점,구닮카페(구름을닮다),안덕,"['카페 ', '커피 ', '케이크 ', '샌드위치']",0,3,0,0
713,음식점,구면카페,표선,"['커피 ', '디저트 ', '아몬드케이크 ', '애플망고']",0,1,0,0
714,음식점,구이향연동점,제주시내,"['연포탕 ', '쌈밥정식 ', '낙지 ', '한식']",0,0,0,0
715,음식점,국수와냉면,제주시내,"['멸치국수 ', '냉면 ', '한식']",0,11,0,0
716,음식점,귀빈식당,추차도,"['추자굴비 ', '추자굴비정식 ', '추자식당 ', '추자음식점 ', '추자도']",0,0,0,0
717,음식점,귤따고 레드향갈고,애월,"['생과일주스 ', '컵과일 ', '한라봉 ', '황금향 ', '레드향']",0,12,0,0
718,음식점,그랜드 키친,제주시내,"['부모 ', '아이 ', '휴식/힐링']",0,0,0,0
719,음식점,그리다앤쿡,제주시내,"['레스토랑 ', '피자 ', '파스타']",0,1,0,0
720,음식점,그릴데미그라스,서귀포시내,"['파스타 ', '피자 ', '함박스테이크 ', '레스토랑']",1,7,0,0
721,음식점,그옛맛,제주시내,"['전복돌솥밥 ', '돌솥정식 ', '옥돔구이 ', '한식']",0,0,0,0
722,음식점,금강민물장어,서귀포시내,"['민물장어 ', '바다장어 ', '장어']",1,2,0,0
723,음식점,금보,제주시내,"['갈치조림 ', '문어숙회 ', '갈치회 ', '우럭조림']",0,0,0,0
724,음식점,금보가든,조천,"['한정식 ', ' 흑돼지 ', ' 삼계탕 ', ' 토종닭']",0,3,0,0
725,음식점,금뽕똘향토음식점,제주시내,"['횟집 ', '물회 ', '돔베고기 ', '향토음식']",1,25,0,0
726,음식점,긍정동커피,서귀포시내,"['부모 ', '커플 ', '혼자 ', '친구 ', '아이 ', '와플 ', '밀크티 ', '핸드드립']",0,0,0,0
727,음식점,길벗식당,제주시내,"['오리고기 ', '오리백숙 ', '수제비']",0,5,0,0
728,음식점,김명자굴국밥(제주본점),제주시내,"['굴국밥 ', '굴파전 ', '한식']",0,9,0,0
729,음식점,까떼커피,표선,"['카페 ', '커피 ', '아메리카노']",1,3,0,0
730,음식점,까망돼지,서귀포시내,"['흑돼지 ', '근고기 ', '초벌구이 ', '숯불구이']",0,6,0,0
731,음식점,까미노,애월,"['커피 ', '브런치 ', '베이커리']",0,8,0,0
732,음식점,깜돈 흑돼지,제주시내,"['흑돼지 ', '한식']",0,5,0,0
733,음식점,꼬꼬닭한마리,안덕,"['생닭요리 ', '닭한마리 ', '제주닭']",0,7,0,0
734,음식점,꽃담팥집카페,성산,"['브런치 ', '카페 ', '오메기떡 ', '빙수']",0,0,0,0
735,음식점,꽃밭에서,제주시내,"['카페 ', '전복해물짬뽕 ', '한식']",0,2,0,0
736,음식점,꽃자리,서귀포시내,"['꽃집 ', '커피']",1,2,0,0
737,음식점,꽃향유,애월,"['커피 ', '케이크 ', '디저트 ', '카페']",0,4,0,0
738,음식점,나까무라,제주시내,"['일식 ', '오므라이스 ', '오꼬노미야끼']",0,3,0,0
739,음식점,나목도식당,표선,"['삼겹살 ', '생고기 ', '두루치기']",0,2,0,0
740,음식점,나무카페,조천,"['카페 ', '허니브레드 ', '복분자 소스']",0,13,0,0
741,음식점,나주닭집,제주시내,"['치킨 ', '통닭']",0,0,0,0
742,음식점,낭만주의,제주시내,"['커피 ', '디저트 ', '라떼 ', '토스트']",0,1,0,0
743,음식점,내가 찾은 맛고을,제주시내,"['삼계탕 ', '양념수육백반 ', '한식']",0,5,0,0
744,음식점,내담,중문,"['아구찜 ', '대구탕 ', '해물갈비찜 ', '한식']",0,0,0,0
745,음식점,내창생태카페,남원,"['커피 ', '카페 ', '디저트']",0,3,0,0
746,음식점,너는파라다이스길리,구좌,"['와인 ', '맥주 ', '수제티라미수']",0,3,0,0
747,음식점,넉둥베기 고사리육개장,제주시내,"['육개장 ', '고사리 ', '한식']",1,37,0,0
748,음식점,넘버 138,서귀포시내,"['카페 ', '커피 ', '생과일주스 ', '티라미수']",1,6,0,0
749,음식점,네이쳐캔바스,남원,"['카페 ', ' 커피 ', ' 음료']",0,1,0,0
750,음식점,노네임드봉개,제주시내,"['카페 ', '커피 ', '음료 ', '디저트 ', '백년초 티라미수 ', ' 크림치즈 스콘']",0,1,0,0
751,음식점,노리터스낵,애월,"['떡볶이 ', ' 국물떡볶이 ', '짜장떡볶이']",0,3,0,0
752,음식점,노을과 어울림 카페,대정,"['카페 ', '커피 ', '과일주스']",0,1,0,0
753,음식점,노조미,제주시내,"['우동 ', '튀김 ', '돈가스 ', '덮밥']",0,6,0,0
754,음식점,녹나무,제주시내,"['부모 ', '커플 ', '아이 ', '휴식/힐링']",0,0,0,0
755,음식점,녹원전통찻집,제주시내,"['찻집 ', '대추차 ', '생강차 ', '인삼차 ', '전통찻집 ', '차']",1,1,0,0
756,음식점,누룽지식당,제주시내,"['고등어조림 ', '돌솥밥 ', '한식 ', '누룽지']",0,3,0,0
757,음식점,뉴자연으로,성산,"['부모 ', '휴식/힐링 ', ' 채식주의']",0,3,0,0
758,음식점,뉴저지카페,한경,"['카페 ', '커피 ', '드립커피']",0,2,0,0
759,음식점,느지리식식당,한림,"['한식뷔페 ', ' 로컬푸드 ', ' 제육볶음 ', ' 오겹살']",0,4,0,0
760,음식점,늘예솔,성산,['식당'],2,11,0,0
761,음식점,늘푸른농원 연리지가든,한경,"['흑돼지 ', ' 음식 ', ' 식당 ', ' 한림']",0,2,0,0
762,음식점,다담은,제주시내,"['갈비탕 ', '돈가스 ', '수제돈가스']",0,4,0,0
763,음식점,다람쥐 식탁,한림,"['일식 ', '정식 ', '파스타 ', '카레']",0,3,0,0
764,음식점,다래향2호점,구좌,"['짬뽕 ', '차돌짬뽕 ', '중식 ', '전복짬뽕 ', '굴짬뽕']",0,4,0,0
765,음식점,다미진,표선,"['해산물 ', '회 ', '횟집 ', '모둠회 ', '자연산']",0,0,0,0
766,음식점,다미회,제주시내,"['삼치회 ', '한식 ', '향토음식 ', '횟집']",0,8,0,0
767,음식점,다이노바이트 샌드위치,제주시내,"['샌드위치 ', '빵 ', '카페']",0,2,0,0
768,음식점,다해복국,제주시내,"['복어회 ', '복해장국 ', '복국요리 ', '한식 ', '횟집']",0,10,0,0
769,음식점,달래식당,성산,"['두루치기 ', '전복뚝배기 ', '딱새우장']",0,1,0,0
770,음식점,달리다방,구좌,"['카페 ', '차 ', '음료']",0,3,0,0
771,음식점,달리맨,성산,"['카페 ', '귤 ', '귤타르트 ', '티라미수']",0,9,0,0
772,음식점,달리북카페,한림,"['북카페 ', '카페 ', '음료 ', '커피 ', '스무디']",0,0,0,0
773,음식점,달빛머금은카페,제주시내,"['카페 ', '슈크림볼 ', '탑동라떼 ', '링고라떼']",0,1,0,0
774,음식점,달에,애월,"['펍 ', ' 해산물']",0,2,0,0
775,음식점,달페이지,서귀포시내,"['사계절 ', '휴식/치유']",0,4,0,0
776,음식점,대관원,제주시내,"['중식 ', '짜장면 ', '짬뽕']",1,4,0,0
777,음식점,대굴대굴구이,제주시내,"['굴구이 ', '굴 ', '굴볶음밥 ', '하얀굴짬뽕']",0,0,0,0
778,음식점,대기정,서귀포시내,"['은갈치 ', '갈치조림 ', '갈치구이 ', '성게미역국']",1,10,0,0
779,음식점,대성쌀국수,한림,"['쌀국수 ', ' 반미 ', ' 반쎄오']",0,4,0,0
780,음식점,대운정,제주시내,['휴식/힐링'],1,1,0,0
781,음식점,대포횟집,중문,"['다금바리 ', '돌돔 ', '활어회 ', '한식 ', '횟집']",0,15,0,0
782,음식점,대향연탄구이,서귀포시내,"['흑돼지 ', '목살 ', '오겹살 ', '소라구이']",0,2,0,0
783,음식점,더 코브,안덕,"['디저트 ', ' 카페']",1,2,0,5
784,음식점,더로맨틱,조천,"['카페 ', '커피 ', '커플스냅명소 ', '웨딩촬영 ', '웨딩스냅촬영']",0,19,0,0
785,음식점,덕승식당(신관),region2>,"['우럭매운탕 ', '갈치조림 ', '갈치구이 ', '고등어구이 ', '한식']",0,1,0,0
786,음식점,델리,제주시내,"['부모 ', '커플 ', '친구 ', '아이 ', '휴식/힐링']",0,0,0,0
787,음식점,도가촌,서귀포시내,"['흑돼지 ', '돼지고기 ', '흑모둠 ', '흑목살 ', '볶음밥']",0,3,0,0
788,음식점,도리화과,제주시내,"['찻집 ', '화과자 ', '말차라떼 ', '디저트 ', '차 ', '도화차']",0,4,0,0
789,음식점,독도참치,서귀포시내,"['참치 ', '회 ', '해산물 ', '초밥']",0,0,0,0
790,음식점,돈가,제주시내,"['흑돼지 ', '샤브샤브 ', '한식']",0,6,0,0
791,음식점,돈돼지흑돼지,표선,"['흑돼지 ', '쌈밥정식 ', '한식']",0,15,0,0
792,음식점,돈채,우도,"['흑오겹살 ', '흑생갈비 ', '등갈비 ', '갈비탕 ', '김치찌개']",0,0,0,0
793,음식점,돈풍년,제주시내,"['한식 ', '흑돼지 ', '한우 ', '육회']",0,2,0,0
794,음식점,돌섬,성산,"['전복삼계탕 ', '흑돼지 ', '전복돌솥밥 ', '전복']",0,13,0,0
795,음식점,돌코롬봉봉,표선,[],0,0,0,0
796,음식점,돌코롬허니,구좌,"['꿀차 ', '벌집아이스크림 ', '꿀맥주 ', '카페']",0,1,0,0
797,음식점,돌토고리족욕카페,표선,"['커플 ', '혼자 ', '친구 ', '아이 ', '부모 ', '사계절 ', '족욕카페 ', '디저트 ', '카페']",0,3,0,0
798,음식점,동구미,조천,['휴식/힐링'],0,0,0,0
799,음식점,동그라미식육식당(돈델리),서귀포시내,"['무항생돼지 ', '정식 ', '한식']",0,7,0,0
800,음식점,동북왕,제주시내,"['양꼬치 ', '중식 ', '중국인셰프']",0,1,0,0
801,음식점,동우통닭,제주시내,"['치킨 ', '통닭 ', '닭똥집 튀김']",0,1,0,0
802,음식점,동해루,추차도,"['추자음식점 ', '추자중식당 ', '추자자장면 ', '상추자식당 ', '추자도']",0,0,0,0
803,음식점,돼지굽는정원,한림,"['흑돼지 ', '흑돼지집 ', '목살 ', '오겹살 ', '야외바베큐']",0,3,0,0
804,음식점,두가시가든,표선,"['흑돼지 ', '두루치기 ', '김치찌개 ', '된장찌개 ', '한식']",0,2,0,0
805,음식점,두루두루,제주시내,"['조림 ', '객주리조림 ', '우럭조림 ', '한치회 ', '꼼장어구이 ', '가오리무침 ', '쥐치']",0,1,0,0
806,음식점,디 아일렛 라운지,안덕,"['샌드위치 ', ' 핑거푸드 ', ' 커피 ', ' 뷔페']",1,1,0,0
807,음식점,딕시,서귀포시내,"['카페 ', '드립커피 ', '에티오피아 이가체프 ', '코스타리카 따라쥬 ', '케냐AA ', 'G2']",2,4,0,0
808,음식점,딤섬9898,제주시내,"['딤섬 ', '대만음식 ', '샤오롱탕빠오 ', '완탕면 ', '꿔바로우']",1,14,0,0
809,음식점,땅땅치킨 봉개점,제주시내,"['치킨 ', '오븐구이 ', '양념치킨']",0,0,0,0
810,음식점,뚜르,표선,"['커피 ', '카페 ', '무인카페']",0,3,0,0
811,음식점,뚱순이 꼬마김밥,서귀포시내,"['떡볶이 ', '꼬마김밥 ', '매운어묵 ', '튀김 ', '모닥치기 ', '분식']",0,3,0,0
812,음식점,뜰향기,조천,"['한식 ', '비빔밥 ', '뚝배기 ', '흑돼지 ', '정식 ', '고등어구이 ', '두부']",0,5,0,0
813,음식점,라 아바나,제주시내,['쿠바'],0,1,0,0
814,음식점,라쁠라주,제주시내,"['카페 ', '수제디저트 ', '브런치 ', '케이크']",0,1,0,0
815,음식점,라스또르따스,애월,"['멕시코요리 ', '타코 ', '멕시칸샌드위치']",1,7,0,0
816,음식점,라운지 38,제주시내,"['커플 ', '친구']",0,0,0,0
817,음식점,라포레사려니,조천,"['카페 ', '커피 ', '라끌렛 ', '라자냐 ', '디저트']",1,5,0,0
818,음식점,랜딩 라운지,안덕,"['커피 ', ' 아이리쉬커피 ', ' 칵테일']",4,0,0,0
819,음식점,레이식당,구좌,"['일식 ', '와인 ', '톳파스타']",0,6,0,0
820,음식점,로맨틱하드보일드,애월,"['카페 ', ' 커피 ', ' 음료']",0,3,0,0
821,음식점,로스터리카페 담담,한경,"['카페 ', '커피 ', '케이크 ', '샌드위치 ', '요거트']",0,1,0,0
822,음식점,로이앤메리,성산,"['중식 ', ' 음식 ', ' 섭지코지']",0,0,0,0
823,음식점,로치아 커피로스터스,제주시내,"['커피 ', '음료 ', '카페']",0,0,0,0
824,음식점,루스트플레이스 베라체점,제주시내,"['파스타 ', '피자 ', '스테이크 ', '양식']",0,0,0,0
825,음식점,루스트플레이스 삼화점,제주시내,"['파스타 ', '피자 ', '스테이크 ', '양식']",0,1,0,0
826,음식점,루스트플레이스 서귀포점,서귀포시내,"['파스타 ', '피자 ', '스테이크 ', '양식']",1,6,0,0
827,음식점,루스트플레이스 시청점,제주시내,"['파스타 ', '피자 ', '스테이크 ', '양식']",0,0,0,0
828,음식점,루스트플레이스 아라점,제주시내,"['샐러드 ', '스테이크 ', '파스타 ', '피자 ', '맥주']",0,0,0,0
829,음식점,루스트플레이스 아이파크점,제주시내,"['파스타 ', '피자 ', '스테이크 ', '양식']",0,0,0,0
830,음식점,루스트플레이스 외도점,제주시내,"['샐러드 ', '스테이크 ', '파스타 ', '맥주 ', '피자']",0,0,0,0
831,음식점,루스트플레이스 제원점,제주시내,"['파스타 ', '피자 ', '스테이크 ', '양식']",0,0,0,0
832,음식점,루스트플레이스 칠성로점,제주시내,"['샐러드 ', '파스타 ', '스테이크 ', '맥주 ', '피자']",0,0,0,0
833,음식점,르에스까르고,제주시내,"['카페 ', '빵 ', '수제잼 ', '케이크']",1,2,0,0
834,음식점,리틀비엣,제주시내,"['분짜 ', ' 쌀국수 ', ' 모닝글로리']",0,3,0,0
835,음식점,마농,제주시내,"['파스타 ', '피자 ', '음료']",0,2,0,0
836,음식점,마님순대,제주시내,"['순대 ', '국밥 ', '한식']",0,2,0,0
837,음식점,마돈,성산,"['흑돼지 ', '말고기 ', '한식']",0,11,0,0
838,음식점,마라도별장식당,마라도,"['전복톳해물짜장 ', '해물짬뽕 ', '전복죽 ', '중식']",0,1,0,0
839,음식점,마라톤식당,제주시내,"['정식 ', '두루치기 ', '매운탕 ', '찜 ', '한식']",1,1,0,0
840,음식점,마레벤또,애월,"['전복파스타 ', '파스타 ', '커피']",0,5,0,0
841,음식점,마마무말가든,제주시내,"['말고기 ', ' 음식 ', ' 제주시']",0,2,0,0
842,음식점,마마식당,추차도,"['추자야식 ', '추자도야식 ', '추자식당 ', '추자음식점 ', '추자도']",0,0,0,0
843,음식점,마실디,서귀포시내,"['카페 ', '커피 ', '주스 ', '망고 ', '천혜향']",1,4,0,0
844,음식점,마음카페,표선,"['카페 ', '말똥과자 ', '당근풀빵 ', '유기농영귤빙수 ', '조랑말주스']",0,4,0,0
845,음식점,마중물삼계탕,제주시내,"['삼계탕 ', '닭곰탕 ', '닭볶음탕']",0,0,0,0
846,음식점,마틸다,애월,"['칵테일 ', '맥주 ', '커피']",0,2,0,0
847,음식점,만덕식당,한경,"['갈치조림 ', '고등어조림 ', '갈치구이 ', '성게미역국 ', '전복죽']",4,6,0,0
848,음식점,만부정,제주시내,"['횟집 ', '복어 ', '일식']",0,9,0,0
849,음식점,만선바다,제주시내,"['횟집 ', '고등어회 ', '해장국']",1,0,0,0
850,음식점,만조이천쌀밥,성산,"['돌솥정식 ', '성산정식 ', '만조정식 ', '한식']",2,31,0,0
851,음식점,맛나리,서귀포시내,"['순대해장국 ', '한식 ', '전골 ', '탕']",2,6,0,0
852,음식점,맛있는 여가생활,한림,"['커플 ', '친구 ', '사계절 ', '청년 ', '심야식당']",1,0,0,0
853,음식점,맛있는집,서귀포시내,"['보말미역국 ', '향토음식']",1,10,0,0
854,음식점,망고홀릭 법환점,서귀포시내,"['망고음료 ', '생망고와플 ', '코코넛빙수 ', '망고홀릭디저트']",1,3,0,0
855,음식점,망고홀릭 성산일출봉점,성산,"['망고음료 ', '생망고와플 ', '망고빙수']",1,5,0,0
856,음식점,매기의 추억,애월,"['카페 ', '커피 ', '케이크 ', '디저트']",0,3,0,0
857,음식점,맥파이 브루어리,제주시내,"['친구 ', '맑음 ', '휴식/힐링 ', '여름 ', '커플 ', '맥주 ', '수제맥주 ', '제주양조장 ', '피맥집 ', '맥파이']",1,17,0,0
858,음식점,머문카페,구좌,"['카페 ', '커피 ', '디저트']",0,8,0,0
859,음식점,먹쿠슬낭여행자카페,제주시내,"['카페 ', '애플망고빙수 ', '애플망고음료']",0,4,0,0
860,음식점,멘도롱 cafe,대정,"['카페 ', '커피 ', '케이크 ', '음료']",0,5,0,0
861,음식점,면사무소,애월,"['애월 ', ' 신엄 ', ' 칼국수']",0,0,0,0
862,음식점,명도암수다뜰,제주시내,"['콩국 ', '청대콩 ', '두부요리 ', '한식']",0,1,0,0
863,음식점,명문사거리식당,표선,"['흑돼지 ', '몸국 ', '고기국수 ', '보말국 ', '두루치기']",0,8,0,0
864,음식점,명물,제주시내,"['생선요리 ', '쥐치 ', '객주리 ', '회 ', '구이']",0,2,0,0
865,음식점,명성식당,제주시내,"['돔베고기 ', '갈치구이 ', '생선조림 ', '한식 ', '된장찌개']",1,8,0,0
866,음식점,모노클제주,남원,"['카페 ', ' 커피 ', ' 음료 ', ' 베이커리']",0,0,0,0
867,음식점,모리노코에,제주시내,"['카페 ', '커피 ', '음료']",0,3,0,0
868,음식점,모메존,제주시내,"['깅이죽 ', '깅이칼국수']",4,11,0,0
869,음식점,모앙,제주시내,"['카페 ', '디저트 ', '케익 ', '베이커리']",0,1,0,0
870,음식점,모퉁이스낵,성산,"['맥주 ', '돈까스 ', '낙지볶음']",0,2,0,0
871,음식점,몬스터살롱,제주시내,"['봉자주스 ', '흑돼지버거 ', '한우버거']",0,6,0,0
872,음식점,몬스테라 자구리,서귀포시내,"['베트남 음식점 ', ' 분짜 ', ' 넴']",1,6,0,0
873,음식점,몽생이,한경,"['말고기 ', '샤브샤브 ', '말고기구이']",0,21,0,0
874,음식점,몽키비치클럽 Monkey Beach,중문,[],2,4,0,0
875,음식점,묘한상점 묘한카페,성산,"['커피 ', '디저트 ', '고양이 ', '베이글 ', '스무디 ', '소품']",0,2,0,0
876,음식점,무뚱 식도락 식당,남원,"['옥돔 ', '간장게장 ', '한식']",1,25,0,0
877,음식점,무상찻집,제주시내,"['꽃차 ', '녹차 ', '전통음료 ', '흑차 ', '디저트 ', '카페']",0,3,0,0
878,음식점,무진장식당,제주시내,"['횟집 ', '회 ', '물회']",0,1,0,0
879,음식점,문게야,제주시내,"['문어모듬 ', '문어숙회 ', '물회 ', '우럭조림 ', '우럭매운탕']",0,1,0,0
880,음식점,문쏘,한림,"['황게카레 ', '퓨전일식 ', '에그인헬']",0,17,0,0
881,음식점,문어빵굽는 문빵9 서귀포올레시장,서귀포시내,"['문어빵 ', '빵 ', '문어 ', '디저트']",1,14,0,0
882,음식점,미나리(제주시),제주시내,"['사계절 ', ' 두루치기 ', ' 돼지 ', ' 돼지고기 ', ' 신제주']",0,0,0,0
883,음식점,미루네,제주시내,"['닭갈비 ', '등갈비 ', '한식 ', '돼지갈비']",0,3,0,0
884,음식점,미복빈대떡,제주시내,"['파전 ', '빈대떡 ', '막걸리 ', '굴전 ', '육전']",0,1,0,0
885,음식점,미소짓는 흑도야지,제주시내,"['흑돼지 ', '한식 ', '돼지고기구이']",0,6,0,0
886,음식점,미원,제주시내,"['해장국 ', '선지해장국 ', '국내산육우']",0,0,0,0
887,음식점,미인계 카페,애월,"['카페 ', '커피 ', '음료']",0,4,0,0
888,음식점,민봉태중화요리,제주시내,"['중식 ', '수타면 ', '짜장면']",0,7,0,0
889,음식점,밀리우,표선,"['해산물 ', '제주 제철 식자재 ', '한우 안심 스테이크 ', '애프터눈 티 ', '호텔 레스토랑']",0,1,0,0
890,음식점,바그다드,제주시내,"['무슬림 ', '인도요리 ', '난']",0,4,0,0
891,음식점,바농,서귀포시내,"['카페 ', '음료 ', '유기농영귤차 ', '에소밀크티 ', '봉자주스']",1,2,0,0
892,음식점,바닐라파레트,제주시내,"['카페 ', '커피 ', '디저트']",0,1,0,0
893,음식점,바다를 본 돼지(서귀포점),서귀포시내,"['흑돼지 ', '돌솥밥 ', ' 해물된장찌개']",0,3,0,0
894,음식점,바다잔치,제주시내,"['갈치조림 ', '고등어조림']",0,15,0,0
895,음식점,바라나시 책골목,제주시내,"['짜이 ', '카페 ', '음료 ', '핸드드립']",0,1,0,0
896,음식점,바람이풀에그림그린날,안덕,"['화덕피자 ', '피자 ', '유기농커피']",0,3,0,0
897,음식점,바람카페,제주시내,"['카페 ', '커피 ', '드립커피 ', '에이드']",0,3,0,0
898,음식점,바온탑,안덕,"['커플 ', '친구 ', '맑음 ', '휴식/힐링 ', '인피니티풀바']",0,1,0,0
899,음식점,바위소리,우도,"['카페 ', '아이스크림 ', '땅콩 ', '커피']",0,0,0,0
900,음식점,바캉스샤브샤브,조천,"['돈샤브 ', '흑돈샤브 ', '목돈샤브 ', '한식']",0,5,0,0
901,음식점,박장군,안덕,"['흑돼지오겹살 ', '숯불갈비 ', '정식 ', '갈비탕 ', '옥돔구이']",0,2,0,0
902,음식점,반딧불한담,애월,"['해물탕 ', ' 해물뼈찜 ', ' 문어라면']",0,2,0,0
903,음식점,밤낮가온,제주시내,"['가정식 ', '흑돼지 플레이트 ', '새우 플레이트']",0,5,0,0
904,음식점,방긋스낵,구좌,"['분식 ', ' 월정 ', ' 음식']",1,3,0,0
905,음식점,방듸,성산,"['카페 ', '커피 ', '드립커피 ', '디저트']",0,6,0,0
906,음식점,방모루,조천,"['돌솥전복밥 ', '회 ', '돌솥밥']",0,4,0,0
907,음식점,배롱개,구좌,"['국수 ', '비빔국수 ', '고기국수 ', '성게국수 ', '냉국수']",0,2,0,0
908,음식점,백기해녀의 집,성산,"['매운탕 ', '전복죽 ', '칼국수 ', '횟집']",0,3,0,0
909,음식점,백번가든,애월,"['흑돼지 ', '통오징어 ', '낙치김치찜']",0,6,0,0
910,음식점,버거307,조천,"['버거 ', '감자튀김 ', '생맥주 ', '양식']",0,2,0,0
911,음식점,번개피자,안덕,"['피자 ', '샐러드 ', '에이드']",0,0,0,0
912,음식점,법환어촌계횟집,서귀포시내,"['활어회 ', '구리돔 ', '황돔 ', '횟집']",1,8,0,0
913,음식점,베이비카페 어놀,제주시내,"['키즈카페 ', '볶음밥 ', '떡볶이 ', '파스타']",0,0,0,0
914,음식점,베이크샵스니프,서귀포시내,"[' 베이커리 ', '시나몬롤 ', '밀크셰이크']",0,3,0,0
915,음식점,베지그랑,서귀포시내,"['푸드카페 ', '불고기 ', '감귝키스카푸치노 ', '푸드스타일링']",1,3,0,0
916,음식점,별난카페,안덕,"['커피 ', '디저트 ', '빙수 ', '블루베리피자 ', '블루베리주스']",0,4,0,0
917,음식점,보노리미니,조천,"['빵집 ', '베이커리 ', '디저트']",1,6,0,0
918,음식점,보라네,추차도,"['추자정식 ', '추자매운탕 ', '추자음식점 ', '추자식당 ', '추자도']",0,0,0,0
919,음식점,보말고을,애월,"['보말 ', '보말국 ', '보말칼국수 ', '몸국 ', '돔베고기']",0,6,0,0
920,음식점,보말이야기,비양도,"['한치물회 ', '칼국수 ', '향토음식 ', '보말']",0,2,0,0
921,음식점,보틀앤볼,서귀포시내,"['채식주의 ', ' 샐러드 ', ' 커플']",0,2,0,0
922,음식점,복단지식당,한림,"['김치찌개 ', '된장찌개 ', '한식']",0,13,0,0
923,음식점,본가,제주시내,"['대패삼겹살 ', '한식 ', '뼈감자탕 ', '해장국']",0,5,0,0
924,음식점,볼스카페,서귀포시내,"['카페 ', '빵 ', '디저트']",1,7,0,0
925,음식점,봉골레밥상,추차도,"['추자음식점 ', '추자식당 ', '추자도식당 ', '추자순대국밥 ', '추자몸국 ', '추자도']",0,0,0,0
926,음식점,봉끄랑횟집,한림,"['회 ', '횟집 ', '갈치조림 ', '옥돔구이 ', '전복죽']",0,1,0,0
927,음식점,봉쉡망고,구좌,"['망고 ', ' 카페 ', ' 커피 ', ' 디저트']",0,1,0,0
928,음식점,봉이네식당,추차도,"['추자식당 ', '추자음식점 ', '추자육개장 ', '하추자음식점 ', '추자도']",0,0,0,0
929,음식점,봉주르마담,서귀포시내,"['빵집 ', '베이커리 ', '쨈 ', '크로와상']",1,8,0,0
930,음식점,봉플라봉뱅,제주시내,"['파스타 ', ' 스테이크 ', ' 와인']",0,0,0,0
931,음식점,뵈뵈,구좌,"['낙지호롱구이 ', '덮밥 ', '낙지']",0,2,0,0
932,음식점,부르네비어가든,제주시내,"['파스타 ', '리조또 ', '양식 ', '맥주 ', '디저트']",0,1,0,0
933,음식점,부스타코,제주시내,"['멕시코음식 ', ' 타코 ', ' 맥주']",0,2,0,0
934,음식점,부엌인세화,구좌,"['레스토랑 ', '파스타 ', '피자 ', '리조또']",0,8,0,0
935,음식점,부자식당,제주시내,"['양식 ', ' 함박스테이크']",0,8,0,0
936,음식점,부지깽이,제주시내,"['보말국 ', '조림 ', '고등어회 ', '한식 ', '향토음식']",0,2,0,0
937,음식점,브릭스 제주,조천,"['카페 ', '레고 ', '레코카페 ', '음료 ', '커피']",0,8,0,5
938,음식점,브와두스,제주시내,"['빵 ', '커피 ', '음료']",0,0,0,0
939,음식점,블루메베이글,제주시내,['휴식/힐링'],1,0,0,0
940,음식점,블루밍제이,한림,"['니트인형 ', '한라봉차 ', '커피 ', '디저트']",0,1,0,0
941,음식점,블루사이공,애월,"['반미 ', '쌀국수 ', '분띳능']",1,6,0,0
942,음식점,블루하우스,서귀포시내,"['카페 ', '커피 ', '치즈타르트 ', '브라우니 ', '디저트']",0,1,0,0
943,음식점,비올레제주,한림,"['커피 ', '돈가스 ', '파스타 ', '양식']",2,1,0,0
944,음식점,비자블라썸,구좌,"['커피 ', '디저트 ', '파스타']",0,2,0,0
945,음식점,빅토리아,제주시내,"['레스토랑 ', '샐러드바 ', '스테이크 ', '파스타']",0,0,0,0
946,음식점,빌리네월정스낵,구좌,"['월정 ', ' 분식 ', ' 맛집']",0,0,0,0
947,음식점,빠빠라기,제주시내,"['카페 ', '빙수 ', '얼음빙수']",0,0,0,0
948,음식점,빨간집,제주시내,"['누룽지탕 ', '치즈불닭 ', '불닭 ', '무뼈닭발 ', '오돌뼈 ', '김주먹밥 ', '떡볶이']",0,0,0,0
949,음식점,뽀요요 카페,우도,"['카페 ', '커피 ', '음료 ', '쿠키']",0,0,0,0
950,음식점,뿔소라몽땅정식,서귀포시내,"['뿔소라 ', '죽 ', '정식']",0,5,0,0
951,음식점,쁠랑뜨,제주시내,"['커피 ', '브런치 ', '꽃 ', '건강식']",0,1,0,0
952,음식점,사방팔방,제주시내,"['횟집 ', '삼치회 ', '고등어회']",0,1,0,0
953,음식점,사수만수횟집,제주시내,"['회 ', '횟집 ', '해산물 ', '뚝배기']",0,1,0,0
954,음식점,사이카레,애월,"['카레 ', '소떡소떡 ', '가정식 ', '애월해안도로']",0,1,0,0
955,음식점,산내들식당,제주시내,"['백반 ', '두루치기 ', '정식 ', '한식']",0,4,0,0
956,음식점,산방산에 옛촌,안덕,"['갈치조림 ', '전복물회 ', '모닥치기 ', '한식 ', '향토음식']",1,33,0,0
957,음식점,산책하우스,애월,"['커피 ', '카페 ', '무인카페 ', '애월카페']",0,3,0,0
958,음식점,산호반점,우도,"['짜장면 ', ' 짬뽕 ', ' 탕수육']",0,1,0,0
959,음식점,삼대해녀의집,성산,"['해산물 ', '회 ', '회덮밥 ', '전복뚝배기']",0,12,0,0
960,음식점,삼바리회센타,제주시내,"['회 ', '횟집 ', '자연산회']",1,1,0,0
961,음식점,삼수정,서귀포시내,"['흑돼지 ', '소고기 ', '전골']",0,0,0,0
962,음식점,삼원정,서귀포시내,"['통문어 ', '해산물 ', '갈치조림']",0,7,0,0
963,음식점,새빌,애월,"['부모 ', '커플 ', '아이 ', '친구 ', '맑음 ', '흐림 ', '경관/포토 ', '휴식/힐링 ', '사계절 ', '오름 ', '일몰']",3,7,0,0
964,음식점,생원전복,안덕,"['전복어 ', '돈샤브샤브 ', '구이']",0,10,0,0
965,음식점,생이소리,제주시내,"['옥돔구이 ', '고등어구이 ', '비빔밥 ', '흑돼지']",0,5,0,0
966,음식점,샤라의정원,조천,"['카페 ', '커피 ', '스파게티 ', '주스']",1,7,0,0
967,음식점,서귀포갈비,서귀포시내,"['갈비 ', '흑돼지 ', '한우 ', '갈비탕 ', '냉면']",0,0,0,0
968,음식점,서귀포바당물회,서귀포시내,"['횟집 ', '회 ', '회산물']",1,6,0,0
969,음식점,서문뒷고기,제주시내,"['흑돼지 ', '두루치기 ', '한식']",0,14,0,0
970,음식점,서문수산,제주시내,"['회 ', '해산물 ', '생선요리코스']",0,5,0,0
971,음식점,서바당횟집,마라도,"['횟집 ', '활어회 ', '소라']",0,1,0,0
972,음식점,서우봉가든,조천,"['흑돼지 ', '양념갈비 ', '뚝배기 ', '묵국수 ', '두루치기 ', '불고기정식']",0,1,0,0
973,음식점,서울떡볶이,제주시내,"['분식 ', '떡볶이 ', '튀김 ', '순대']",0,0,0,0
974,음식점,서홍정원,서귀포시내,"['카페 ', '커피 ', '디저트']",0,3,0,0
975,음식점,석다원,구좌,"['전복 ', '소라 ', '제주돌낙지 ', '해산물']",0,2,0,0
976,음식점,석촌식당,제주시내,"['갈치조림 ', '고등어조림 ', '해산물뚝배기 ', '한식']",0,11,0,0
977,음식점,선흘방주할매식당,조천,"['콩국수 ', '보쌈정식 ', '도토리묵 ', '한식']",0,17,0,0
978,음식점,섬마을청년회관,제주시내,"['한라산큐브스테이크 ', '쉬림프박스 ', '오메기떡춥스']",0,9,0,0
979,음식점,섬채,제주시내,"['뷔페 ', '로컬푸드']",1,1,0,0
980,음식점,성광식당,서귀포시내,"['순대국밥 ', '순두부 ', '된장찌개 ', '한식']",0,8,0,0
981,음식점,성미식당,제주시내,"['고등어해장국 ', '해장국 ', '고등어회 ', '한식']",0,8,0,0
982,음식점,성산일출봉 해송갈치전문점,성산,"['부모 ', '사계절']",0,0,0,0
983,음식점,성춘(토종순대),제주시내,"['순대국밥 ', '순두부 ', '고기국수 ', '']",0,4,0,0
984,음식점,성화정,안덕,"['부모 ', '커플 ', '친구 ', '아이 ', '휴식/힐링']",0,0,0,0
985,음식점,섶섬지기,서귀포시내,"['카페 ', '커피 ', '디저트 ', '생과일주스 ', '빙수']",0,2,0,0
986,음식점,세가름,한경,"['국밥 ', '짬뽕국밥 ', '청국장']",0,0,0,0
987,음식점,세러데이아일랜드,구좌,"['리조또 ', '파스타']",0,6,0,0
988,음식점,세이슌,제주시내,"['일식 ', '규동 ', '나가사키짬뽕 ', '라멘 ', '카레 ', '우동 ', '가츠동']",0,1,0,0
989,음식점,세이슌 칠성로점,제주시내,"['일식 ', '나베 ', '카레 ', '라멘 ', '규동']",0,0,0,0
990,음식점,세자매식당,서귀포시내,"['차슈덮밥 ', '매운갈비찜 ', '분식 ', '김밥']",1,17,0,0
991,음식점,세컨드밀,제주시내,"['카페 ', '대니쉬빵 ', '유기농 ', '디저트']",0,0,0,0
992,음식점,소길역,애월,"['일식 ', '샤부샤부 ', '스키야키 ', '덮밥 ', '카레우동']",0,5,0,0
993,음식점,소녀방앗간,서귀포시내,"['소녀방앗간 ', ' 올레여행자센터']",2,4,0,0
994,음식점,소라네집,성산,"['전복 ', '문어 ', '소라 ', '횟집']",0,9,0,0
995,관광지,소라의성,서귀포시내,"['건축물 ', ' 북카페 ', ' 전시']",0,5,0,0
996,음식점,소반,서귀포시내,"['제육볶음 ', '된장찌개 ', '고등어조림 ', '정식 ', '한식']",1,7,0,0
997,음식점,솔향,애월,"['흑돼지 ', '김치찌개 ', '흑오겹살']",0,1,0,0
998,음식점,솜반내풍경,서귀포시내,['마을카페'],1,1,0,0
999,음식점,송당나무,구좌,"['카페 ', '커피 ', '디저트']",2,7,0,0
1000,음식점,쇼디치카페,구좌,"['한라봉주스 ', '한라봉에이드 ', '카페 ', '음료']",0,1,0,0
1001,음식점,수다브런치카페,제주시내,"['카페 ', '브런치 ', '에그베네딕트 ', '토스트']",0,1,0,0
1002,음식점,수망일기,남원,"['부모 ', '커플 ', '친구 ', '아이 ', '휴식/힐링 ', '카페 ', '인형공방']",2,3,0,0
1003,음식점,수모루국수,서귀포시내,"['수모루국수 ', '비빔국수 ', '콩국수 ', '잔치국수 ', '된장시래기국수']",0,4,0,5
1004,음식점,수월봉 가마솥순대국,한경,"['휴식/치유 ', '사계절']",0,0,0,0
1005,음식점,수제홍과일모찌,제주시내,"['찹쌀떡 ', '모찌 ', '과일모찌']",0,0,0,0
1006,음식점,수카사,구좌,"['카페 ', '브런치 ', '디저트 ', '아보카도 에그베네딕트']",0,4,0,0
1007,음식점,수타명가,한림,"['짬뽕 ', '만두 ', '탕수육']",1,4,0,0
1008,음식점,순심이네한라봉돼지갈비,안덕,"['흑돼지 ', '양념돼지갈비 ', '생목살 ', '생오겹살']",0,3,0,0
1009,음식점,순이네해장국,제주시내,"['해장국 ', '묵은지김치찜 ', '한식']",0,0,0,0
1010,음식점,순풍해장국,제주시내,"['육내탕 ', '해장국 ', '선지']",0,4,0,0
1011,음식점,순희뽀글이,제주시내,"['보리밥 ', '강된장 ', '청국장 ', '뽀글이정식 ', '한식']",0,15,0,0
1012,음식점,술도가제주바당,구좌,"['술 ', '전통주 ', '술빚기체험 ', '양조장 ', '맑은바당 ', '한바당 ', '탁주']",0,4,0,0
1013,음식점,숨비나리,안덕,"['한식 ', ' 해물 ', ' 전복 ', ' 산방산']",0,5,0,0
1014,음식점,숲속의작은집,제주시내,"['카페 ', '커피 ', '음료']",0,2,0,0
1015,음식점,스노우빈,조천,"['healing ', ' four seasons ', ' coffee ', ' soy bean ', ' soy bean shaved ice']",0,2,0,0
1016,음식점,스마일러 카페,애월,"['아이 ', '테마공원']",0,1,0,0
1017,음식점,스시마시,제주시내,"['초밥 ', '연어롤 ', '우동']",0,0,0,0
1018,음식점,스테이크 하우스,제주시내,"['커플 ', '친구 ', '아이 ', '휴식/힐링']",0,0,0,0
1019,음식점,슬로우카페,표선,"['카페 ', '샌드위치 ', '치아바타 ', '떡볶이']",0,3,0,0
1020,음식점,시나르,조천,"['멕시코 ', '스페인 ', '흑돼지 ', '말고기 ', '타코']",0,1,0,0
1021,음식점,시스베이글,남원,"['카페 ', '베이글 ', '베이커리카페']",0,2,0,0
1022,음식점,시스터필드,서귀포시내,"['카페 ', '유기농빵 ', '베이커리']",0,6,0,0
1023,음식점,시영통닭,제주시내,"['치킨 ', '카레치킨 ', '마늘치킨']",0,0,0,0
1024,음식점,시즌박스,남원,"['도시락 ', '수제요거트 ', '덮밥']",0,6,0,0
1025,음식점,신 해바라기분식,제주시내,"['순두부찌개 ', '오징어젓갈 ', '김치찌개 ', '백두부찌개']",0,3,0,0
1026,음식점,신동성식당,서귀포시내,"['두루치기 ', '돔베고기 ', '흑돼지']",0,5,0,0
1027,음식점,신등대수산회센타,추차도,"['추자향토음식점 ', '추자음식점 ', '추자식당 ', '추자수산식당 ', '추자도']",0,0,0,0
1028,음식점,신스버거,한림,"['버거 ', '볶음밥 ', '함박스테이크 ', '수제버거']",0,6,0,0
1029,음식점,신우성타운,서귀포시내,"['한식 ', '일식 ', '횟집 ', '흑돼지 ', '회 ', '갈비탕']",0,0,0,0
1030,음식점,신짜장,제주시내,"['신짜장 ', '신짬뽕 ', '탕수육 ', '중국집']",0,1,0,0
1031,음식점,신화테라스,안덕,['휴식/힐링'],0,0,0,0
1032,음식점,심봉사눈뜬톳해물짜장짬뽕,마라도,"['짜장면 ', '짬뽕 ', '중식 ', '톳']",0,1,0,0
1033,음식점,써니사이드비치,남원,"['부모 ', '커플 ', '친구 ', '아이 ', '펜션 ', '일출 ', '일몰']",0,0,0,0
1034,음식점,써니하우스 커피&핫도그,안덕,"['핫도그 ', '스무디 ', '아이스크림 ', '과일주스']",0,0,0,0
1035,음식점,쓰쓰카페,한경,"['커플 ', '친구 ', '혼자 ', '청년']",0,1,0,0
1036,음식점,씨리얼,한림,"['브런치 ', '토스트 ', '샌드위치 ', '팬케익 ', '커피']",0,3,0,0
1037,음식점,아꼬떼카페,조천,"['카페 ', '커피 ', '음료']",1,4,0,0
1038,음식점,아따블르,조천,"['수프 ', '코스요리 ', '생선요리']",0,3,0,0
1039,음식점,아랑,제주시내,"['김치찜 ', '흑돼지 ', '김치요리']",0,3,0,0
1040,음식점,아싸횟집,서귀포시내,"['활어회 ', '고등어회 ', '도미회 ', '횟집']",1,2,0,0
1041,음식점,아줄레주,성산,"['음료 ', ' 카페 ', ' 커피 ', ' 에그타르트 ', ' 아이스티']",3,11,0,0
1042,음식점,안녕구움,한경,"['한경 ', ' 고산 ', ' 디저트 ', ' 수제']",0,0,0,0
1043,음식점,안다미로,조천,"['토종닭 ', '백숙 ', '코스요리']",2,15,0,0
1044,음식점,안트레,애월,"['카페 ', ' 커피 ', ' 음료 ', ' 당근케이크']",0,5,0,0
1045,음식점,알라스카인제주 용담점,제주시내,"['카페 ', '아이스크림 ', '빙수']",0,2,0,0
1046,음식점,알라스카인제주 협재점,한림,"['아이스크림 ', '빙수 ', '카페']",0,1,0,0
1047,음식점,알마니,구좌,"['치킨 ', '후라이드치킨 ', '매운양념치킨 ', '치맥 ', '맥주']",0,0,0,0
1048,음식점,앙뚜아네트 삼다수마을점,조천,"['카페 ', ' 디저트 ', ' 베이커리']",0,1,0,0
1049,음식점,앙뚜아네트 용담점,제주시내,"['커피 ', ' 디저트 ', ' 베이커리']",0,0,0,0
1050,음식점,앙뚜아네트 탑동점,제주시내,"['카페 ', '커피 ', '빵']",2,2,0,0
1051,음식점,앙카페,대정,"['카페 ', '커피 ', '맥주 ', '와인 ', '요거트 ', '빙수']",0,6,0,0
1052,음식점,앞돈지,제주시내,"['쥐치조림 ', '갈치조림 ', '고등어조림 ', '한식']",0,1,0,0
1053,음식점,애월바베,제주시내,"['해산물 ', '수제맥주 ', '샌드위치 ', '볶음밥 ', '목살스테이크']",1,0,0,0
1054,음식점,애프터글로우,제주시내,"['커피 ', '아메리카노 ', '플랫화이트 ', '아인슈페너 ', '티라미슈']",0,1,0,0
1055,음식점,야자수 식당,한림,"['삼다비빔밥 ', '해물뚝배기 ', '갈치구이 ', '한식']",1,3,0,0
1056,음식점,양촌리마을,제주시내,"['삼계탕 ', '흑미삼계탕 ', '한식']",0,0,0,0
1057,음식점,어림향,제주시내,"['회 ', '스시 ', '초밥 ', '일식 ', '소라']",0,0,0,0
1058,음식점,어머니빵집,제주시내,"['빵 ', '빵집 ', '케이크 ', '커피']",0,3,0,0
1059,음식점,어부와농부,서귀포시내,"['고등어조림 ', '횟집 ', '일식']",0,3,0,0
1060,음식점,어애랑,한림,"['갈치조림 ', '해물뚝배기 ', '생선구이 ', '성게미역국']",0,3,0,0
1061,음식점,어피니티,제주시내,"['빙수 ', '커피 ', '디저트 ', '카페']",0,3,0,0
1062,음식점,엉또산장,서귀포시내,"['카페 ', '감귤주스 ', '무인카페 ', '컵라면 ', '엉또폭포']",0,2,0,0
1063,음식점,에이스쌀국수,제주시내,"['쌀국수 ', '분짜 ', '반미']",1,4,0,0
1064,음식점,에이팩토리 커피앤북스,제주시내,"['빵 ', '커피 ', '음료']",0,0,0,0
1065,음식점,에프터글로우,제주시내,"['스페셜티커피 ', '카페 ', '음료 ', '커피']",0,0,0,0
1066,음식점,엠츄로,제주시내,"['카페 ', '츄러스 ', '빙수']",0,0,0,0
1067,음식점,여행가게,남원,"['차 ', ' 밀크티 ', ' 카카오티']",0,1,0,0
1068,음식점,열공부엌,제주시내,"['집밥 ', '혼밥 ', '도시락 ', '제주도청 ', '유기농']",0,1,0,0
1069,음식점,영춘식당,제주시내,"['육개장 ', '두루치기 ', '갈비탕']",0,1,0,0
1070,음식점,영해식당 (제주점),제주시내,"['밀냉면 ', '몸국 ', '소고기찌개 ', '고사리육개장 ', '갈비탕']",0,5,0,0
1071,음식점,옛정의골 식당,남원,"['흑돼지 ', '불고기 ', '한식 ', '향토음식']",0,12,0,0
1072,음식점,오끼416갤러리,남원,"['카페 ', '베이커리 ', '한라봉마멀레이드 ', '빵 ', '쿠키']",0,0,0,0
1073,음식점,오누이밥상,추차도,"['추자식당 ', '추자도음식점 ', '추자음식점 ', '추자정식 ', '추자굴비정식 ', '추자정식백반 ', '추자도']",0,0,0,0
1074,음식점,오늘은 녹차한잔&쇼핑,표선,"['녹차라떼 ', '녹차롤케이크 ', '녹차아이스크림']",0,3,0,0
1075,음식점,오라오거리정식,제주시내,"['제육볶음 ', '돈까스 ', '고등어조림']",0,2,0,0
1076,음식점,오르막가든,중문,"['흑돼지 ', '김치찌개 ', '한식']",0,18,0,0
1077,음식점,오르미,제주시내,"['커피 ', '카페 ', '무인카페 ', '컵라면']",0,4,0,0
1078,음식점,오마이양대창 제주외도점,제주시내,"['외도 ', ' 양대창']",0,0,0,0
1079,음식점,오메오메,애월,"['오메기떡 ', ' 감귤오메 ', ' 크림오메']",0,4,0,0
1080,음식점,오복떡집,제주시내,"['떡집 ', '오메기떡 ', '떡']",0,8,0,0
1081,음식점,오솔길,제주시내,"['정식 ', '고등어조림 ', '몸국 ', '갈치국 ', '성게국 ', '자리물회']",0,2,0,0
1082,음식점,오조파스타앤피자,성산,"['파스타 ', '피자 ', '맥주 ', '양식']",0,3,0,0
1083,음식점,오캄,제주시내,"['카페 ', '베이커리 ', '유기농빵']",0,0,0,0
1084,음식점,오쿠다,제주시내,"['음식 ', ' 향토음식 ', ' 제주시']",0,6,0,0
1085,음식점,온미(溫米),서귀포시내,"['디저트 ', '떡 ', '떡케이크 ', '커피']",0,1,0,0
1086,음식점,올레산야초,애월,"['휴식/힐링 ', '체험관광 ', '친구']",0,9,0,0
1087,음식점,올레삼다정,서귀포시내,"['갈치 ', '고등어 ', '해물탕']",0,3,0,0
1088,음식점,올레실내포장마차,추차도,"['추자포장마차 ', '추자도술집 ', '추자도음식점 ', '추자도']",0,0,0,0
1089,음식점,옹포별장가든,한림,"['선인장김치 ', '감귤김치 ', '김치 ', '흑돼지 ', '꿩 ', '전골 ', '꿩냉면']",0,2,0,0
1090,음식점,와르다 레스토랑,제주시내,"['할랄 ', ' 무슬림프렌들리 ', '음식점 ', '예맨']",0,1,0,0
1091,음식점,와팡,중문,"['와플 ', '디저트 ', '한라봉']",1,5,0,0
1092,음식점,요요무문,구좌,"['카페 ', '케이크 ', '당근케이크 ', '풋귤에이드 ', '소품']",0,9,0,0
1093,음식점,용담밭담,제주시내,"['한식 ', ' 흑돼지 숯불구이 ', '흑돼지 오겹살']",0,2,0,0
1094,음식점,용담생국수,제주시내,"['고기국수 ', '몸국']",0,1,0,0
1095,음식점,용두암 바당회국수,제주시내,"['회국수 ', '해산물 ', '갈치조림 ', '뚝배기']",0,6,0,0
1096,음식점,용이식당,서귀포시내,"['두루치기 ', '볶음밥 ', '돼지고기']",0,7,0,0
1097,음식점,우도동식이,우도,"['회국수 ', '갈치조림 ', '전복해물탕']",0,3,0,0
1098,음식점,우도돼지네 땅콩만두,서귀포시내,"['만두 ', '땅콩만두 ', '김치만두 ', '고기만두']",0,7,0,0
1099,음식점,우도향,우도,"['회 ', '조림 ', '매운탕']",0,1,0,0
1100,음식점,우드노트,남원,"['카페 ', ' 커피 ', ' 아메리카노']",0,3,0,0
1101,음식점,우리동네숯불갈비,추차도,"['추자음식점 ', '추자식당 ', '추자갈비집 ', '추자숯불갈비 ', '추자도']",0,1,0,0
1102,음식점,우리두리식당,구좌,"['백반 ', '고등어조림 ', '정식 ', '한식 ', '물회']",1,4,0,0
1103,음식점,우림일식,제주시내,"['일식 ', '횟집 ', '참돔지리 ', '갓돔활어회']",0,2,0,0
1104,음식점,우무(umu),한림,"['푸딩 ', '우뭇가사리 ', '수제푸딩']",0,22,0,0
1105,음식점,우유부단 크림공작소,제주시내,"['수제아이스크림 ', '밀크티 ', '수제요거트']",1,19,0,0
1106,음식점,우정회센타,서귀포시내,"['횟집 ', '회 ', '꽁치김밥']",0,7,0,0
1107,음식점,운해횟집,서귀포시내,"['횟집 ', '자연산회 ', '참돔정식 ', '회정식']",1,7,0,0
1108,음식점,울트라마린,한경,"['커피 ', ' 카페 ', ' 음료']",0,5,0,0
1109,음식점,웃뜨르우리돼지,한경,"['흑돼지 ', '두루치기 ', '전복해물뚝배기 ', '김치찌개']",0,4,0,0
1110,음식점,웅담식당,서귀포시내,"['오겹살 ', '볶음밥 ', '한식']",0,3,0,0
1111,음식점,원당골,제주시내,"['토종닭 ', '한방오리 ', '백숙 ', '샤브샤브']",0,1,0,0
1112,음식점,원더먼트제주,조천,"['카페 ', ' 밀크티 ', ' 홍차 ', ' 브런치']",2,3,0,0
1113,음식점,원조마라도짜장면,마라도,"['중식 ', '자장면 ', '톳 ', '짬뽕']",0,4,0,0
1114,음식점,원항아리칼국수보쌈,제주시내,"['냉콩칼국수 ', '수제만두 ', '빙떡']",0,1,0,0
1115,음식점,월령203,한림,"['닭개장칼국수 ', '돼지불백 ', '뚝배기닭매운찜 ', '돈까스모밀 ', '마라딱새우']",0,6,0,0
1116,음식점,위더스트래블,제주시내,"['카페 ', '브런치카페 ', '위더스풀블랙퍼스트 ', '에그메네딕트']",0,2,0,0
1117,음식점,위미항활어회센터,남원,"['활어회 ', ' 회덮밥 ', ' 회국수 ', ' 매운탕 ', ' 지리']",1,1,0,0
1118,음식점,윌라라,성산,"['피쉬앤칩스 ', '맥주']",1,2,0,0
1119,음식점,유기농커피 카페다,조천,"['카페 ', '커피 ', '드립커피']",0,8,0,0
1120,음식점,유끼네,표선,"['카페 ', '커피 ', '미트파이 ', '감귤파이']",0,3,0,0
1121,음식점,유나카페,남원,"['카페 ', '커피 ', '생과일주스 ', '감귝샐러드']",0,6,0,0
1122,음식점,유메,제주시내,"['혼자 ', '커플 ', '친구 ', '덮밥 ', '일식']",0,2,0,0
1123,음식점,유메야마,제주시내,"['부모 ', '커플 ', '휴식/힐링']",0,0,0,0
1124,음식점,유심이감성찜닭,추차도,"['추자찜닭 ', '추자닭도리탕 ', '추자음식점 ', '추자식당 ', '추자백숙 ', '추자도']",0,0,0,0
1125,음식점,육갑봉,제주시내,"['갈비찜 ', '갈비탕 ', '열무국수 ', '불고기 ', '돼지고기']",0,1,0,0
1126,음식점,육값하네식육가든,남원,"['흑돼지 ', '숯불구이 ', '목살']",0,4,0,0
1127,음식점,은혜전복,애월,"['전복죽 ', '전복구이 ', '한식 ', '전복찜']",0,12,0,0
1128,음식점,이가전복,제주시내,"['전복구이 ', '성게미역국 ', '옥돔구이 ', '전복돌솥밥']",0,3,0,0
1129,음식점,이게밥도둑,제주시내,"['간장게장 ', '대하장 ', '한식']",2,28,0,0
1130,음식점,이노우에스시,제주시내,"['일식 ', '스시 ', '초밥 ', '오마카세']",0,0,0,0
1131,음식점,이돈갓시청점,제주시내,"['일식 ', '우동 ', '나베 ', '돈까스 ', '히레까스 ', '로스까스']",0,0,0,0
1132,음식점,이런날N,구좌,"['커피 ', '브런치 ', '빙수 ', '파스타']",0,6,0,0
1133,음식점,이맛,추차도,"['추자샤브샤브 ', '추자해물칼국수 ', '추자음식점 ', '추자식당 ', '추자도']",0,0,0,0
1134,음식점,이오리,제주시내,"['생구이 ', '들깨수제비 ', '오리탕 ', '한식']",0,0,0,0
1135,음식점,이익새양과점,한림,"['파운드케이크 ', '밀크티']",0,7,0,0
1136,음식점,이조은식당,서귀포시내,"['향토음식 ', '갈치정식 ', '해물뚝배기 ', '전복회 ', '전복죽']",0,2,0,0
1137,음식점,이찌마루,구좌,"['라멘 ', '일식 ', '돈코츠라멘 ', '주먹밥']",0,2,0,0
1138,음식점,인풍감자탕,제주시내,"['감자탕 ', '육개장 ', '한식']",0,5,0,0
1139,음식점,일오삼가든,제주시내,"['김치찌개 ', '된장찌개 ', '한식']",0,3,0,0
1140,음식점,일출왕뚝배기,성산,"['해산물뚝배기 ', '고등어구이 ', '갈치조림 ', '성게국 ', '한식']",0,12,0,0
1141,음식점,일탈흑돼지,성산,"['퓨전음식 ', '해산물 ', '흑돼지']",0,3,0,0
1142,음식점,잇칸시타,애월,"['커플 ', '친구 ', '아이 ', '혼자 ', '음식 ', '애월 ', '일본가정식']",0,1,0,0
1143,음식점,자리돔횟집,서귀포시내,"['활어회 ', '해물뚝배기 ', '조림 ', '고등어회 ', '횟집']",0,11,0,0
1144,음식점,잔디가미,우도,"['빵집 ', '아이스크림 ', '땅콩빵 ', '초콜릿']",0,1,0,0
1145,음식점,장춘육당,제주시내,"['전복어 ', '활고등어 ', '돔베고기 ', '옥돔구이 ', '향토국 ', '한식 ', '향토음식 ', '우수관광사업체']",1,23,0,0
1146,음식점,재게재게옵서 카페,비양도,"['카페 ', '커피 ', '더치커피 ', '라면']",0,0,0,0
1147,음식점,전망대횟집,한림,"['부모 ', '커플 ', '혼자 ', '친구 ', '물회']",1,8,0,0
1148,음식점,정가네 밥상,제주시내,"['한정식 ', '제철음식']",0,1,0,0
1149,음식점,정순화손두부,조천,"['두부 ', '두부전골 ', '두부정식 ', '한식']",0,6,0,0
1150,음식점,제니의 정원,제주시내,"['카페 ', '브런치 ', '찹스테이크']",0,0,0,0
1151,음식점,제리스펍,서귀포시내,"['수제맥주 ', '수입맥주 ', '보드게임 ', '스포츠경기관람 ', '펍']",1,3,0,0
1152,음식점,제일식당,제주시내,"['추자도 ', '회 ', '삼치회 ', '자연산']",0,0,0,0
1153,음식점,제주 핫팟,제주시내,"['커플 ', '부모 ', '휴식/힐링']",0,0,0,0
1154,음식점,제주광어씨푸드레스토랑 표선점,표선,"['광어 ', '돌광어 ', '광어회 ', '초밥']",0,7,0,0
1155,음식점,제주그림카페,안덕,"['카페 ', ' 안덕 ', ' 항공우주박물관 ', ' 그림 ', ' 인스타']",0,3,0,0
1156,음식점,제주기정떡,애월,"['기정떡 ', '증편 ', '떡']",2,11,0,0
1157,음식점,제주담,구좌,"['바지락회무침 ', '두부바지락전골 ', '바지락칼국수']",0,16,0,0
1158,음식점,제주돌담촌,제주시내,"['돼지고기 ', '소고기 ', '닭고기']",0,1,0,0
1159,음식점,제주돌창고,한경,"['휴식/힐링 ', '부모 ', '커플 ', '친구 ', '아이']",1,5,0,0
1160,음식점,제주맛촌본점,제주시내,"['갈치 ', '고등어 ', '흑돼지 ', '갈치조림']",0,1,0,0
1161,음식점,제주복돈,제주시내,"['오겹살 ', '목살 ', '양념갈비']",0,1,0,0
1162,음식점,제주본초협동조합,한경,"['술 ', '전통주 ', '흑돈주 ', '흑돼지']",0,1,0,0
1163,음식점,제주분식,제주시내,"['분식 ', '모닥치기 ', '제주해물라면']",0,2,0,0
1164,음식점,제주샘주 영농협동조합,애월,"['술 ', '오메기술 ', '고소리술 ', '칵테일 만들기 체험 ', '토속주 ', '니모메술 ', '세우리술']",0,7,0,0
1165,음식점,제주선 더블랙,안덕,['휴식/힐링'],0,0,0,0
1166,음식점,제주올레섬,제주시내,"['오리백숙 ', '황칠전복오리백숙 ', '한식']",0,1,0,0
1167,음식점,제주와이너리,애월,"['술 ', '감귤주 ', '귤로만 ', '전통주 ', '제주감귤']",1,2,0,0
1168,음식점,제주웅담,한림,"['해물탕 ', ' 보말칼국수 ', ' 보말요리 전문점']",1,6,0,0
1169,음식점,제주의봄,서귀포시내,"['휴식/치유 ', ' 떡 ', ' 찹살떡 ', ' 인절미']",0,0,0,0
1170,음식점,제주정,제주시내,"['한식 ', '갈비찜 ', '갈비탕 ', '왕갈비']",0,1,0,0
1171,음식점,제주진미마돈가,안덕,"['말고기 ', '말코스요리 ', '한식']",1,9,0,0
1172,음식점,제주침시술소바 (오로라식품),제주시내,"['소바 ', ' 냉모밀 ', ' 일식']",1,4,0,0
1173,음식점,제주한치빵 우도점,우도,"['우도 ', '한치빵 ', '특산물']",0,1,0,0
1174,음식점,조가네갑오징어 신제주점,제주시내,"['갑오징어 ', ' 삼겹살불고기 ', ' 파전 ', ' 전골 ', ' 숙회']",0,1,0,0
1175,음식점,조마루뼈다귀서귀포점,서귀포시내,"['전복 ', '감자탕 ', '볶음밥 ', '뼈다귀탕']",0,1,0,0
1176,음식점,조아찌,제주시내,"['카페 ', '핸드드립 ', '커피']",0,3,0,0
1177,음식점,좀녀마을뚝배기,제주시내,"['해물뚝배기 ', '순두부 ', '한식']",0,34,0,0
1178,음식점,종달리엔 엄마식당,구좌,"['카레 ', ' 일본가정식']",0,7,0,0
1179,음식점,종달해녀의집,구좌,"['종달 ', '해녀 ', '전복죽']",1,5,0,0
1180,음식점,종이비행기,구좌,"['카페 ', '음료 ', '커피']",0,1,0,0
1181,음식점,종이시계 카페,애월,"['카페 ', '커피 ', '맥주']",0,1,0,0
1182,음식점,준반점,제주시내,"['중식 ', '짬뽕 ', '깐풍육 ', '짜장면 ', '탕수육']",0,1,0,0
1183,음식점,중문랜드프리미엄뷔페,서귀포시내,"['뷔페 ', '흑돼지 ', '향토뷔페']",0,20,0,0
1184,음식점,중문수원음식점,중문,"['흑돼지 ', '은갈치회 ', '오분작뚝배기']",0,4,0,0
1185,음식점,중문신라원,중문,"['말사시미 ', '말육회 ', '말양념샤브샤브 ', '말고기 ', '흑돼지 ', '해물뚝배기 ', '향토음식']",0,6,0,0
1186,음식점,중화요리 사해방,중문,"['중화요리 ', '중식당 ', '짜장면 ', '탕수육 ', '흑돼지 ', '냉면 ', '두루치기']",0,1,0,5
1187,음식점,지꺼진밥상,제주시내,"['고기국수 ', '딱새우파스타']",0,0,0,0
1188,음식점,지상에 별두개,애월,"['수제버거 ', '사이폰커피 ', '카페 ', '커피']",0,0,0,0
1189,음식점,지오아라,안덕,"['카페 ', '커피 ', '에이드']",0,0,0,0
1190,음식점,지중해그릴,제주시내,"['순두부찌개 ', '순두부 ', '한식']",0,8,0,0
1191,음식점,진미명가식당,안덕,"['화 ', '횟집 ', '다금바리 ', '지리']",1,0,0,0
1192,음식점,진부령 황태해장국,제주시내,"['황태해장국 ', '황태구이']",1,1,0,0
1193,음식점,짜장면시키신분 마라점,마라도,"['중식 ', '자장면 ', '짬뽕']",0,1,0,0
1194,음식점,쫑이네해산물,성산,"['보말라면 ', '보말죽 ', '보말죽 ', '고등어구이 ', '옥돔구이 ', '해물라면']",0,0,0,0
1195,음식점,차귀놀,한경,"['카페 ', '커피 ', '음료']",0,2,0,0
1196,음식점,차귀도놀빛바다,한경,"['커플 ', '친구 ', '부모 ', '사계절']",1,1,0,5
1197,음식점,차롱 해모루,서귀포시내,"['뷔페 ', '브런치 ', '카페 ', '커피']",2,3,0,0
1198,음식점,차마실,애월,"['찻집 ', '전통찻집 ', '가래떡구이 ', '대추차 ', '우전차 ', '보이차 ', '쌍화탕']",0,2,0,0
1199,음식점,차이나 하우스,제주시내,"['부모 ', '커플 ', '친구 ', '휴식/힐링']",0,0,0,0
1200,음식점,차차신창,한경,"['커플 ', '혼자 ', '친구 ', '맑음 ', '경관/포토 ', '휴식/힐링 ', '사계절 ', '휴식/치유']",0,2,0,0
1201,음식점,착한집,제주시내,"['갈치 ', ' 고등어 ', ' 옥돔 ', ' 갈비']",1,10,0,0
1202,음식점,참이쁜돼지,중문,"['흑돼지오겹살 ', '목살 ', '돼지고기 ', '대패삼겹살']",0,4,0,0
1203,음식점,창훈이네,서귀포시내,"['정식 ', '고등어구이 ', '한식']",1,23,0,0
1204,음식점,창흥식당,조천,"['한식 ', ' 가정식 ', ' 흑돼지 ', ' 고등어']",0,7,0,0
1205,음식점,채점석베이커리,서귀포시내,"['빵 ', '팡도르 ', '마늘빵']",0,7,0,0
1206,음식점,책다방,구좌,"['북카페 ', '음료 ', '카페']",0,6,0,0
1207,음식점,천제연토속음식점,서귀포시내,"['갈치 ', '옥돔 ', '고등어 ', '한식 ', '향토음식']",0,24,0,0
1208,음식점,천지연해물전복뚝배기,서귀포시내,"['해물뚝배기 ', '생선구이 ', '조림 ', '활어회 ', '횟집']",0,39,0,0
1209,음식점,천하대장군,제주시내,"['해장국 ', '김치찌개 ', '한식']",0,3,0,0
1210,음식점,청정고을식당,추차도,"['추자굴비백반 ', '추자굴비정식 ', '추자음식점 ', '추자식당 ', '추자도']",0,1,0,0
1211,음식점,청해원,제주시내,"['보말국 ', '성게국 ', '갈치국 ', '한치물회 ', '자리물회 ', '고등어조림 ', '고등어구이 ', '갈치조림 ', '갈치구이']",0,5,0,0
1212,음식점,체면,대정,"['화로구이 ', '라멘 ', '탄탄멘']",0,2,0,0
1213,음식점,초승달지대,서귀포시내,"['빵 ', '베이커리 ', '천연효모 ', '치아바타']",0,0,0,0
1214,음식점,촵촵,제주시내,"['일식 ', '돈까스 ', '우동 ', '나베']",0,1,0,0
1215,음식점,추가네,제주시내,"['추어탕 ', '미꾸라지튀김 ', '한식']",0,0,0,0
1216,음식점,추억의 집,제주시내,"['고기국수 ', '순대국']",0,10,0,0
1217,음식점,추자북경,추차도,"['추자음식점 ', '추자중국음식 ', '추자식당 ', '추자도']",0,0,0,0
1218,음식점,춘미향 식당,안덕,"['돈목살 ', '보말미역국 ', '옥돔구이 ', '정식 ', '옥돔구이']",0,23,0,0
1219,음식점,친구네 분식,대정,"['분식 ', '현미김밥 ', '매운멸치김밥 ', '떡볶이']",0,0,0,0
1220,음식점,카페 8,제주시내,"['커플 ', '친구 ', '휴식/힐링']",0,0,0,0
1221,음식점,카페 베트로(CAFÉ VETRO),안덕,"['카페 ', ' 신화월드']",0,0,0,0
1222,음식점,카페 소바니,애월,"['카페 ', '디저트 ', '시리얼아이스크림 ', '티라미수케이크 ', '라이스푸딩']",0,2,0,0
1223,음식점,카페 캐로타,구좌,"['브런치 ', '당근케이크 ', '당근주스 ', '커피']",0,1,0,0
1224,음식점,카페2085,조천,"['카페 ', '브런치 ', '디저트 ', '커피']",0,0,0,0
1225,음식점,카페3535.1,조천,['반려견'],0,0,0,0
1226,음식점,카페갤러리,조천,"['디저트 ', '커피 ', '포토존 ', '셀프웨딩 ', '사려니숲길']",0,5,0,0
1227,음식점,카페더몹시,제주시내,"['카페 ', '커피 ', '음료 ', '빵']",0,2,0,0
1228,음식점,카페루나,안덕,"['카페 ', '커피 ', '드립커피 ', '샌드위치']",0,2,0,0
1229,음식점,카페비글,조천,['반려견'],0,0,0,0
1230,음식점,카페비몽,구좌,"['카페 ', ' 커피 ', ' 당근케이크 ', ' 영귤차']",0,1,0,0
1231,음식점,카페선흘,조천,"['카페 ', ' 커피 ', ' 음료 ', ' 브런치']",0,1,0,0
1232,음식점,카페세렌디,중문,"['부모 ', '커플 ', '혼자 ', '아이 ', '친구 ', '휴식/치유']",0,0,0,0
1233,음식점,카페튼튼목공소,우도,"['땅콩아이스크림 ', '와플 ', '수제버거']",0,0,0,0
1234,음식점,카페하물,애월,"['커피 ', ' 카페 ', ' 빙수 ', ' 돈가스']",0,2,0,0
1235,음식점,카페힐스,추차도,"['추자카페 ', '추자무인카페 ', '추자도']",0,0,0,0
1236,음식점,커먼브릭,제주시내,"['카페 ', '커피 ', '주스 ', '에이드']",0,0,0,0
1237,음식점,커피로카,제주시내,"['카페 ', '커피 ', '음료 ', '빙수']",0,0,0,0
1238,음식점,커피림,제주시내,"['카페 ', '커피 ', '케이크']",0,2,0,0
1239,음식점,커피먹는 고냉이,성산,"['빙수 ', '커피 ', '디저트 ', '카페']",1,5,0,0
1240,음식점,커피앤빵,추차도,"['커피 ', '빵 ', '에이드']",0,0,0,0
1241,음식점,커피주의보,제주시내,"['케이크 ', '에이드 ', '음료 ', '카페']",0,2,0,0
1242,음식점,커피코알라,제주시내,"['카페 ', '커피 ', '빙수 ', '아메리카노']",0,0,0,0
1243,음식점,커피파인더,제주시내,"['카페 ', '음료 ', '커피 ', '수박주스']",0,0,0,0
1244,음식점,컴플리트커피,제주시내,"['카페 ', '오름라떼 ', '커피 ', '케이크 ', '베이글 ', '샌드위치']",0,2,0,0
1245,음식점,컴홈,제주시내,"['카페 ', '커피 ', '브런치']",0,0,0,0
1246,음식점,코끼리통닭,제주시내,"['치킨 ', '통닭']",0,1,0,0
1247,음식점,코너스윗,제주시내,"['디저트 ', '돈까스 ', '쿠키 ', '타르트 ', '카페']",0,0,0,0
1248,음식점,쿠싱 샌드위치,한경,"['샌드위치 ', ' 덮밥 ', ' 순두부찌개']",0,5,0,0
1249,음식점,쿡이야,애월,"['밀푀유 ', '나베 ', '일식 ', '샤브샤브']",0,0,0,0
1250,음식점,키친그듸,애월,"['정식 ', '돔베고기 ', '해물뚝배기 ', '한식']",1,12,0,0
1251,음식점,킨포크,제주시내,"['브루스케타 ', '브런치카페 ', '카페 ', '커피']",0,1,0,0
1252,음식점,타무라,조천,"['분짜 ', ' 팟타이 ', ' 쌀국수 ', ' 태국음식']",1,6,0,0
1253,음식점,탐라 뚝배기,표선,"['해물뚝배기 ', '생선구이 ', '고등어구이']",0,11,0,0
1254,음식점,탐라가든,제주시내,"['흑돼지 ', '오겹살 ', '갈비탕 ', '한식']",0,6,0,0
1255,음식점,탐라반상,한경,"['뷔페 ', ' 로컬푸드']",0,3,0,0
1256,음식점,탐라화덕피자,서귀포시내,"['피자 ', '파스타 ', '리조또 ', '양식']",0,2,0,0
1257,음식점,탐라흑돼지,서귀포시내,"['흑돼지 ', '육회 ', '냉면 ', '옥돔구이']",0,1,0,0
1258,음식점,탭룸3029,제주시내,"['미국 ', ' 양식 ', ' 가정식 ', ' 미국남부']",1,2,0,0
1259,음식점,탭하우스더코너,제주시내,"['수제맥주 ', '맥주 ', '피자']",0,3,0,0
1260,음식점,털보네 고양이,남원,"['덮밥 ', '가정식']",0,4,0,0
1261,음식점,텍시아,구좌,"['카페 ', '버거 ', '커피']",1,3,0,0
1262,음식점,토계정,조천,"['샤브샤브 ', '한방토종닭백숙 ', '한방오리백숙 ', '한식']",0,7,0,0
1263,음식점,토담골,제주시내,"['토종닭 ', '삼계탕 ', '닭백숙 ', '닭볶음탕']",0,4,0,0
1264,음식점,토이다방,제주시내,"['피규어 ', ' 장난감 ', ' 키덜트 ', ' 보드게임']",0,1,0,0
1265,음식점,토향,한경,"['술 ', '전통주 ', '오가피 ', '오가피술']",0,1,0,0
1266,음식점,파도소리해녀촌,우도,"['뿔소라회 ', '문어숙회 ', '해산물 ', '톳칼국수 ', '성게미역국']",1,3,0,0
1267,음식점,파리바게뜨 성산일출봉점,성산,"['빵집 ', '베이커리 ', '제과 ', '제빵']",0,0,0,0
1268,음식점,파리바게트 도남점,제주시내,"['빵 ', '제과 ', '베이커리']",0,0,0,0
1269,음식점,파리바게트 애월,애월,"['빵집 ', '베이커리 ', '제과 ', '제빵']",0,0,0,0
1270,음식점,파리바게트 제스코본점,제주시내,"['빵집 ', '베이커리 ', '제과 ', '제빵']",0,1,0,0
1271,음식점,파스쿠찌 도남점,제주시내,"['카페 ', '음료 ', '커피 ', '디저트']",0,0,0,0
1272,음식점,파시랑,서귀포시내,"['팥 ', '팥빙수 ', '디저트 ', '카페']",2,14,0,0
1273,음식점,팜스테이블,제주시내,"['티본스테이크 ', ' 파스타 ', ' 샐러드']",0,0,0,0
1274,음식점,팝업 플라자,제주시내,"['휴식/힐링 ', '커플 ', '친구 ', '아이']",0,0,0,0
1275,음식점,포차,제주시내,"['커플 ', '친구']",0,0,0,0
1276,음식점,포트그릴 스테이크하우스,서귀포시내,"['파인다이닝 ', ' 스테이크 ', ' 와인 ', ' 레스토랑 ', '포트그릴스테이크하우스']",2,3,0,0
1277,음식점,푸주옥도남점,제주시내,"['설렁탕 ', '꼬리곰탕 ', '도가니탕 ', '사골']",0,0,0,0
1278,음식점,풍미독서,구좌,"['카페 ', '커피 ', '브런치 ', '북카페 ', '수제버거']",0,4,0,0
1279,음식점,플로렌스,추차도,"['추자카페 ', '추자도카페 ', '추자도']",0,0,0,0
1280,음식점,피노,애월,"['파스타 ', '스테이크 ', '리조또']",0,4,0,0
1281,음식점,피자아일랜드,성산,"['피자 ', '스테이크 ', '스테이크피자']",0,2,0,0
1282,음식점,하나로국밥,중문,"['국밥 ', '멜국']",0,11,0,0
1283,음식점,하누가물애,조천,"['한우물회 ', '육회비빔밥 ', '갈비찜 ', '떡갈비']",0,1,0,0
1284,음식점,하늘채가든,제주시내,"['닭 ', '오리 ', '삼계탕 ', '한식']",0,4,0,0
1285,음식점,하례정원,남원,"['파스타 ', '딱새우 ', '전복 ', '리조또']",0,6,0,0
1286,음식점,하몽인제주,한림,"['스시 ', '초밥 ', '회 ', '사시미']",1,1,0,0
1287,음식점,하비마카롱,제주시내,"['마카롱 ', '꼬끄후레이크 ', '커피']",0,1,0,0
1288,음식점,하빌리스,제주시내,"['감귤스무디 ', '카페 ', '커피 ', '음료']",0,2,0,0
1289,음식점,하우스142,제주시내,"['한식 ', '흑돼지 ', '숯불구이']",0,1,0,0
1290,음식점,하원가흑돼지,중문,['흑돼지'],1,5,0,0
1291,음식점,하효살롱,서귀포시내,"['가정식 ', '한식 ', '몸국 ', '옥돔구이']",2,18,0,0
1292,음식점,하효소머리국밥,서귀포시내,"['국밥 ', '수육 ', '한식']",0,2,0,0
1293,음식점,한라네 김밥,서귀포시내,"['김밥 ', '고기만두 ', '김치만두']",3,19,0,0
1294,음식점,한라성,서귀포시내,"['흑돼지구이 ', '백숙 ', '한방백숙해천탕']",0,0,0,0
1295,음식점,한량2010,제주시내,"['카페 ', '음료 ', '런던포그']",1,1,0,0
1296,음식점,한밭식당,추차도,"['추자녹두삼계탕 ', '추자오리고기 ', '추자음식점 ', '추자식당 ', '추자도']",0,0,0,0
1297,음식점,한양식당,서귀포시내,"['퓨전한정식 ', '한정식 ', '한식']",0,0,0,0
1298,음식점,할매추어탕,제주시내,"['추어탕 ', '청국장 ', '한식']",0,7,0,0
1299,음식점,함덕밀면,조천,"['밀면 ', '간재미회 ', '함덕밀면 ', '매운밀면']",1,18,0,0
1300,음식점,함덕찜,조천,"['찜 ', ' 갈비찜']",0,3,0,0
1301,음식점,함덕카페h,조천,"['수제 생과일주스 ', '마카롱 ', ' 다쿠아즈 ', ' 과실청']",4,8,0,0
1302,음식점,해녀3대할망네,마라도,"['횟집 ', '문어 ', '전복']",1,2,0,0
1303,음식점,해뜰,성산,"['브런치 ', '백년초음료 ', '카페']",2,7,0,0
1304,음식점,해마루,서귀포시내,"['뚝배기 ', '갈치조림 ', '통갈치 ', '돔베고기']",0,6,0,0
1305,음식점,해변가든(켄싱턴리조트),서귀포시내,"['흑돼지 ', '해물라면 ', '김치찌개 ', '된장찌개']",0,3,0,0
1306,음식점,해오름정육식당,표선,"['흑돼지 ', '고기구이 ', '한식']",1,10,0,0
1307,음식점,해와달그리고섬,우도,"['회 ', '해물뚝배기 ', '성게덮밥 ', '물회 ', '성게국']",0,3,0,0
1308,음식점,해운대가든,서귀포시내,"['흑돼지 ', '뚝배기 ', '물냉면 ', '목살']",0,2,0,0
1309,음식점,해월향,서귀포시내,"['흑돼지 ', '목살 ', '오겹살 ', '가브리살']",0,1,0,0
1310,음식점,해적선,추차도,"['추자음식점 ', '추자식당 ', '추자향토음식점 ', '추자회식당 ', '추자도']",0,1,0,0
1311,음식점,해품,애월,"['해초비빔밥 ', ' 문어장 ', ' 전복장']",0,2,0,0
1312,음식점,허니문하우스,서귀포시내,"['부모 ', '커플 ', '사계절 ', '실내 ', '휴식/힐링 ', '경관/포토']",0,13,0,0
1313,음식점,현경식당,제주시내,"['순대국밥 ', '순대 ', '백반집 ', '한식']",0,2,0,0
1314,음식점,현기네식당,제주시내,"['된장찌개 ', '해장국 ', '내장탕 ', '한식']",1,0,0,0
1315,음식점,협재국수가게(구 청산식당),한림,"['국수 ', '김치 ', '돔베고기']",0,4,0,0
1316,음식점,협재칼치,한림,"['해물 ', ' 협재 ', ' 갈치']",0,1,0,0
1317,음식점,호끌락다락,조천,"['스페인 음식 ', '새우까수엘라 ', '홍합스튜']",0,4,0,0
1318,음식점,호도제과,서귀포시내,"['빵집 ', ' 베이커리']",0,1,0,0
1319,음식점,호랑이해장국,성산,"['순두부찌개 ', '해장국 ', '닭내장탕 ', '한식']",0,2,0,0
1320,음식점,홍도니,제주시내,"['흑돼지 ', '한식 ', '고기국수']",0,5,0,0
1321,음식점,홍삼흑돼지,표선,"['흑돼지 ', '목살 ', '오겹살 ', '항정살']",0,2,0,0
1322,음식점,홍어일번지,제주시내,"['홍어삼합 ', '홍어애탕 ', '한식 ', '홍어전문점']",0,0,0,0
1323,음식점,홍요깃거리카페,애월,"['카페 ', '보말칼국수 ', '한라봉 생면 ', '청귤 아이스 ', '토네이도']",0,4,0,0
1324,음식점,화북코끼리식당,제주시내,"['김치찌개 ', '된장찌개 ', '순두부 ', '한식']",0,0,0,0
1325,음식점,환상의짜장,마라도,"['짜장면 ', '짬뽕 ', '수타짜장면']",0,0,0,0
1326,음식점,황궁쟁반탐라원,제주시내,"['중식 ', '짜장면 ', '짬뽕 ', '탕수육']",1,5,0,0
1327,음식점,황금무지개,표선,"['초밥 ', '스시 ', '활어스시 ', '모듬스시']",0,1,0,0
1328,음식점,황금섬숯불갈비,추차도,"['추자갈비 ', '추자오겹살 ', '추자장어구이 ', '추자음식점 ', '추자식당 ', '추자도']",0,1,0,0
1329,음식점,황금어장,서귀포시내,"['횟집 ', '활어회 ', '매운탕']",0,1,0,0
1330,음식점,황금어장(제주시),제주시내,"['향토음식 ', '옥돔미역국 ', '갈치호박국 ', '성게국 ', '방어회']",1,7,0,0
1331,음식점,황원갈비,구좌,"['갈비 ', '막창구이 ', '갈비탕 ', '육개장']",1,3,0,0
1332,음식점,후년하우스,제주시내,"['소고기샤브샤브 ', '돼지고기 샤브샤브 ', '오리고기샤브샤브 ', '말고기샤브샤브 ', '샤브샤브']",0,10,0,0
1333,음식점,흑돼지돈까스 뷔페 밀라네사,제주시내,"['흑돼지 ', ' 돈까스 ', ' 뷔페 ', ' 흑돼지돈까스 ', ' 키즈존 ', ' 놀이방']",1,1,0,0
1334,음식점,흑염소마루,남원,"['흑염소탕 ', '육회 ', '전골 ', '수육']",0,0,0,0
